Timestamp,HeartRate
734.546214745848,87.0
1724.77181474585,87.0
2715.94271474585,86.0
2715.94271474585,86.0
3704.13501474585,86.0
4694.64521474585,86.0
5684.90251474585,86.0
6675.02741474585,86.0
7664.12981474585,86.0
8654.93281474585,86.0
9644.36081474585,86.0
10634.1790147458,86.0
11624.2859147458,86.0
12614.8696147458,86.0
13604.5452147458,85.4
14594.3756147458,
15584.5677147458,
16575.0678147458,
17564.2977147458,
18554.4793147458,
19544.8474147459,
20534.9856147458,
21525.1902147458,
22514.9620147458,80.0
23504.1805147459,80.0
24494.2153147458,80.0
25484.9832147458,79.0
26969.1460147458,79.0
27464.7044147459,79.0
28949.5952147458,79.0
29939.5949147458,79.0
30930.4353147458,79.0
31920.0870147458,79.0
32909.5118147458,78.92
33899.2372147458,
34889.9231147458,
35879.4180147458,
36869.9558147458,
37859.6203147458,
38850.1698147458,
40334.3306147458,
40829.4901147458,
41819.5364147458,
42809.3386147458,
43798.9367147458,
44789.7516147458,
45780.3851147458,
46769.4553147458,
47760.1457147458,
48749.8201147458,
49739.7260147458,
50729.0436147458,
51719.5519147458,
52709.9142147458,
53699.7229147458,
54689.4531147458,
55679.2356147458,
56669.9702147458,77.0
57659.6111147458,76.0
58650.2555147458,76.0
59638.8741147458,76.0
60628.9845147458,76.0
61619.8671147458,76.0
62609.3374147458,76.0
63599.7052147458,76.0
64589.7781147458,76.0
66569.5376147459,76.0
66570.5333147459,76.0
67559.3719147458,76.0
68549.1159147459,75.97222222222223
69539.8598147459,
70530.7761147459,
71519.1679147458,
72509.3853147459,
73499.0719147459,
74489.7845147459,
75479.4320147458,
76469.4613147459,
77459.5658147459,
78944.8349147459,
79934.7099147459,
80924.7251147459,
81914.8592147459,
82905.3999147459,
83895.2616147458,
84884.0484147458,
85874.5293147459,
86864.9847147458,
87854.8819147459,
88843.9837147458,
89834.2610147458,
90824.8730147459,
91814.2980147459,
92804.3803147459,
93794.5121147459,
94784.5750147458,
95774.5691147459,
96765.1281147459,
97754.5474147459,
98744.2199147459,
99734.8676147459,
100724.146214746,
101714.869614746,
101714.869614746,
102704.764814746,75.0
103694.745014746,75.0
105179.513614746,75.0
105673.931614746,75.0
106664.714114746,75.0
107654.845814746,75.0
107654.845814746,75.0
108643.939114746,75.0
109634.188214746,75.0
110624.917014746,75.0
111614.902414746,75.0
112603.908714746,75.0
113594.802514746,75.0
114584.469814746,74.0
115574.107214746,74.0
116564.892514746,72.0
116564.892514746,72.0
117554.716814746,70.0
118544.734514746,69.0
119534.111114746,69.0
120524.183514746,69.0
121515.025214746,68.0
121515.025214746,68.0
122504.111514746,68.0
123494.773314746,68.0
124483.892814746,68.0
125474.441414746,69.0
126464.596814746,70.0
126464.596814746,70.0
127949.591114746,70.0
128939.592914746,70.0
129928.809814746,72.0
129928.809814746,72.0
130919.619214746,72.0
131909.111314746,73.0
132900.021814746,74.0
133889.140414746,74.0
134879.758914746,74.0
135870.040014746,73.0
136859.909214746,72.0
136859.909214746,72.0
137850.128814746,71.0
138839.567014746,71.0
139829.288414746,71.0
140819.949614746,72.0
141810.066114746,72.0
142799.770114746,71.0
142799.770114746,71.0
143789.320214746,71.0
144778.985614746,70.0
145769.759914746,70.0
146759.817214746,70.0
147749.552714746,70.0
148739.989514746,70.0
148739.989514746,70.0
149729.261014746,70.0
150718.967314746,71.0
151709.609314746,71.0
152699.428014746,70.0
153689.787014746,70.0
154678.894014746,69.0
155669.695614746,69.0
156659.520114746,69.0
156659.520114746,69.0
157649.764314746,69.0
158639.180914746,69.0
159628.871814746,69.0
160619.919014746,69.0
160619.919014746,69.0
161609.639014746,70.0
162599.931814746,70.0
163589.208614746,71.0
163589.208614746,71.0
164579.530414746,72.0
165569.589414746,73.0
166559.082914746,74.0
168044.658014746,75.0
168539.099414746,74.0
168539.099414746,74.0
169530.592814746,73.0
170519.930714746,72.0
171509.457614746,72.0
172500.530514746,72.0
172500.530514746,72.0
173984.111414746,73.0
174479.108914746,73.0
175469.350114746,73.0
176459.063114746,74.0
177944.693614746,73.0
178934.338214746,72.0
178934.338214746,72.0
179924.940014746,71.0
180914.701414746,71.0
181905.031514746,72.0
182894.690314746,73.0
183884.499814746,73.0
184874.513814746,72.0
184874.513814746,72.0
185864.146514746,72.0
186854.667814746,72.0
187845.587114746,72.0
188834.147114746,72.0
190814.748614746,71.0
190814.748614746,71.0
190814.748614746,71.0
191804.989914746,71.0
192794.330214746,71.0
193784.956614746,71.0
194773.744114746,71.0
195764.725814746,71.0
195764.725814746,71.0
196755.238414746,71.0
197744.697414746,71.0
198733.935814746,71.0
199724.307414746,70.0
200714.099314746,69.0
200714.099314746,69.0
201704.276214746,69.0
202694.393914746,69.0
203684.544514746,70.0
204674.779014746,71.0
205664.275814746,71.0
206654.171314746,72.0
207644.367214746,72.0
208634.186114746,72.0
209623.928114746,72.0
210614.154714746,73.0
211604.576914746,74.0
212594.170914746,75.0
213584.099214746,76.0
214573.777014746,76.0
215565.026214746,76.0
216555.196814746,76.0
217544.369114746,77.0
218535.063514746,77.0
219524.189514746,77.0
220514.455914746,78.0
221504.233214746,78.0
222494.372714746,78.0
223979.426214746,78.0
224473.767214746,78.0
225464.300614746,78.0
226949.510714746,78.0
227940.933414746,78.0
228929.534914746,78.0
229918.974214746,78.0
230909.672114746,78.1
231898.587114746,
232889.239314746,
233879.560414746,
234869.580014746,
235858.893014746,
236848.929114746,
238334.292014746,
238828.593314746,
239819.264614746,79.0
239819.264614746,79.0
240809.653014746,79.0
241799.167614746,79.0
242789.127814746,79.0
243780.457914746,79.0
243780.457914746,79.0
244769.421514746,79.0
245759.060514746,79.0
246749.590014746,79.0
247739.366214746,79.0
248729.430814746,79.0
249718.910614746,79.0
250709.000714746,79.0
251699.701414746,79.0
252689.350814746,79.0
253679.293014746,79.0
253679.293014746,79.0
254669.583414746,79.0
255660.144814746,79.0
256648.862914746,79.0
257639.179014746,79.0
258629.884614746,79.0
259618.914214746,80.0
260609.218114746,80.0
261599.197814746,81.0
262588.878114746,81.0
262588.878114746,81.0
263579.554014746,81.0
265559.525014746,81.0
265560.137114746,82.0
265560.137114746,82.0
266548.869214746,82.0
267539.179114746,82.0
268530.659714746,83.0
268530.659714746,83.0
269518.642014746,84.0
270509.596414746,84.0
270509.596414746,84.0
271499.425214746,85.0
272489.815314746,86.0
273478.674014746,87.0
274470.440314746,85.0
274470.440314746,85.0
275459.945614746,83.0
276944.458514746,82.0
277934.544914746,81.0
278923.907914746,80.0
278923.907914746,80.0
279914.322214746,80.0
280903.853214746,80.0
281894.735114746,80.0
281894.735114746,80.0
282883.623014746,80.0
283873.730814746,80.0
284864.045214746,79.0
285854.268514746,79.0
286844.565214746,77.0
286844.565214746,77.0
287834.100314746,77.0
289814.322814746,76.0
289814.322814746,76.0
289814.322814746,76.0
290805.033414746,76.0
291793.736114746,77.0
292784.582514746,77.0
292784.582514746,77.0
293774.510614746,78.0
294764.531814746,78.0
296248.826314746,78.0
296248.826314746,78.0
296744.574014746,78.0
297733.911114746,79.0
298723.910314746,79.0
298723.910314746,79.0
299715.290614746,80.0
300703.747014746,79.0
302189.260714746,79.0
302683.574014746,78.0
303674.929514746,77.0
303674.929514746,77.0
304664.322314746,77.0
305654.264214746,76.0
306644.514014746,76.0
308129.192614746,75.0
308129.192614746,75.0
308625.601814746,75.0
309613.505014746,75.0
310604.586514746,77.0
310604.586514746,77.0
311594.449314746,78.0
312584.252314746,78.0
314564.635814746,79.0
315059.578414746,79.0
315059.578414746,79.0
315553.891014746,79.0
316544.342714746,78.0
317534.013714746,77.0
318523.986414746,76.0
320008.687814746,75.0
320008.687814746,75.0
320504.972114746,74.0
321493.601414746,74.0
322483.748214746,74.0
323473.872514746,75.0
323473.872514746,75.0
324463.876314746,75.0
325948.829814746,75.0
326940.089414746,75.0
327929.393014746,75.0
327929.393014746,75.0
328919.092414746,74.0
329909.349114746,74.0
330899.300014746,74.0
330899.300014746,74.0
331889.929714746,76.0
332879.533214746,76.0
333868.612214746,75.0
334858.938114746,75.0
334858.938114746,75.0
335849.500414746,75.0
336839.528014746,75.0
336839.528014746,75.0
337829.445614746,75.0
338819.405914746,75.0
339813.117014746,77.0
339813.117014746,77.0
340799.236414746,78.0
341788.757214746,78.0
342779.385814746,77.0
343768.782714746,77.0
343768.782714746,77.0
344759.318914746,77.0
345749.242914746,77.0
346739.659614746,77.0
346739.659614746,77.0
347729.231914746,78.0
348718.747714746,78.0
349709.235214746,77.0
350699.369214746,76.0
351689.887414746,76.0
351689.887414746,76.0
352678.944314746,76.0
353669.256114746,76.0
354658.605014746,76.0
355649.130614746,76.0
355649.130614746,76.0
356639.433614746,76.0
357629.313714746,76.0
358618.779114746,75.0
359609.255614746,75.0
360598.741314746,75.0
360598.741314746,75.0
361589.606314746,75.0
362579.370614746,76.0
363569.202814746,77.0
363569.202814746,77.0
364559.167014746,78.0
365549.519614746,79.0
366539.124414746,79.0
367529.417814746,79.0
367529.417814746,79.0
368518.703814746,79.0
369509.399514746,78.0
370499.526214746,78.0
371489.198214746,78.0
371489.198214746,78.0
372479.784314746,77.0
373468.770814746,77.0
374458.990414746,77.0
375943.988314746,77.0
376934.081214746,78.0
377924.688714746,78.0
378914.120314746,78.0
379904.857614746,79.0
380894.541314746,79.0
381884.019214746,79.0
381884.019214746,79.0
382876.754814746,79.0
383864.253914746,79.0
384854.470614746,79.0
385845.448814746,79.0
386834.303114746,80.0
387824.372414746,80.0
388814.302914746,80.0
389804.032714746,80.0
390793.524614746,80.0
391784.160614746,80.0
392774.605414746,80.0
393763.441314746,80.0
394753.874814746,80.0
395744.215314746,80.0
396734.214814746,80.0
397724.175114746,80.0
398713.503914746,80.0
399704.368414746,80.0
400693.574214746,80.0
401684.318414746,80.0
402674.333614746,
403665.456114746,
404654.130414746,80.0
405644.552914746,80.0
406634.424014746,80.0
407623.779014746,80.0
408614.496714746,80.0
409604.304914746,80.0
411088.451814746,80.0
411584.036314746,80.0
413564.331714746,80.0
413564.331714746,80.0
425497.355914746,82.0
426487.687214746,83.0
427568.024714746,83.0
428467.377814746,85.0
428467.377814746,85.0
429457.385914746,85.0
430493.021414746,87.0
430493.021414746,87.0
431482.553214746,87.0
432473.092914746,88.0
433463.150414746,88.0
434543.169114746,88.0
434543.169114746,88.0
435623.843614746,89.0
436478.159114746,89.0
437467.621614746,89.0
438458.445214746,89.0
439538.326914746,90.0
440528.604314746,90.0
441473.477214746,90.0
442463.313314746,90.0
443453.497714746,90.0
444487.946814746,90.0
445477.612014746,90.0
446512.236214746,90.0
447502.485614746,90.0
448492.573614746,90.0
449482.541114746,89.4
450518.213014746,
451508.295714746,
452452.396514746,
453487.960914746,87.0
453487.960914746,87.0
454478.506014746,87.0
456134.752714746,87.0
456628.320014746,86.0
456628.320014746,86.0
457619.008914746,86.0
458608.202014746,85.0
458608.202014746,85.0
459599.059614746,86.0
460589.344114746,86.0
462569.676714746,87.0
462569.676714746,87.0
463559.778314746,77.0
463559.778314746,77.0
465044.178814746,77.0
466034.533914746,77.0
466528.674314746,77.0
467519.445814746,77.0
468509.319514746,78.0
468509.319514746,78.0
468509.319514746,78.0
468509.319514746,78.0
469499.181714746,79.0
470489.194914746,79.0
471478.903714746,79.0
471478.903714746,79.0
472469.112814746,80.0
473458.388614746,80.0
475437.666514746,80.0
475936.000514746,80.0
476924.028514746,80.0
477914.423914746,80.0
478907.018014746,80.0
479894.024614746,80.0
480884.882514746,80.0
481873.432014746,80.0
482863.759514746,80.0
483853.500114746,80.0
484843.931614746,80.0
485834.058014746,80.0
486823.852614746,80.0
486823.852614746,80.0
488803.663114746,80.0
488804.629514746,80.0
489794.203114746,80.0
491280.278814746,80.0
491280.278814746,80.0
491782.332114746,80.0
492763.515814746,80.0
493754.285314746,80.0
493754.285314746,80.0
493754.285314746,80.0
494743.933414746,80.0
495734.579014746,80.0
495734.579014746,80.0
496725.035414746,80.0
497714.282414746,81.0
498703.942314746,82.0
498703.942314746,82.0
499693.461314746,85.0
500684.033114746,86.0
501673.944714746,90.0
501673.944714746,90.0
502663.489114746,93.0
502663.489114746,93.0
503654.097314746,93.0
504643.778414746,94.0
505635.516014746,94.0
506625.493814746,95.0
506625.493814746,95.0
507613.946314746,95.0
509099.529214746,95.0
509593.841114746,95.0
510584.329214746,95.0
512564.798314746,95.0
513058.952914746,95.0
513058.952914746,95.0
513553.687414746,95.0
514544.774714746,95.0
514544.774714746,95.0
515534.593014746,95.0
517019.704214746,93.0
517019.704214746,93.0
518999.344014746,91.0
519989.078714746,90.0
519989.078714746,90.0
520979.266514746,90.0
520980.269514746,90.0
520980.269514746,90.0
521474.498714746,91.0
523453.689414746,91.0
523453.689414746,91.0
523948.774414746,91.0
525435.104114746,91.0
525435.104114746,91.0
525435.104114746,91.0
525929.954014746,92.0
525929.954014746,92.0
526919.380514746,92.0
527908.635514746,92.0
527908.635514746,92.0
528899.531314746,92.0
528899.531314746,92.0
530383.435614746,92.0
530878.461414746,92.0
531869.426814746,92.0
532859.621214746,91.0
533848.915814746,91.0
534839.489114746,91.0
536324.730814746,91.0
536819.831114746,91.0
537809.320114746,91.0
539789.862214746,91.0
540283.405214746,91.0
540779.416914746,91.0
541769.251214746,91.0
542759.144114746,91.0
543750.374414746,91.0
544739.627214746,91.0
545728.963014746,91.0
546719.129714746,91.0
547708.885514746,91.0
548699.485814746,
549689.517014746,
551174.293014746,
551668.393314746,
552661.172714746,
554144.325114746,
554639.727614746,
555628.602014746,
557113.891614746,
558599.451014746,91.0
558599.451014746,91.0
559590.602614746,91.0
561074.603314746,91.0
561571.127414746,91.0
562558.374314746,91.0
564539.125414746,91.0
564540.122014746,91.0
565528.864114746,91.0
566519.441514746,91.0
567509.629814746,91.0
568500.072214746,91.0
569488.851514746,91.0
570485.986714746,90.8
571964.745614746,
572459.362214746,
573449.509914746,
574934.196714746,90.0
576914.496914746,90.0
576914.496914746,90.0
577904.864714746,90.0
578398.996214746,90.0
578894.179214746,88.0
578894.179214746,88.0
579884.230314746,86.0
581370.749914746,84.0
582854.289814746,82.0
582854.289814746,82.0
584339.871414746,83.0
584834.544414746,85.0
584834.544414746,85.0
585824.494214746,86.0
586815.610414746,85.0
588794.120614746,85.0
588795.119914746,85.0
589783.290514746,85.0
590774.080714746,84.0
591763.901214746,83.0
592754.778614746,84.0
592754.778614746,84.0
593744.230714746,84.0
594733.710714746,84.0
595724.976314746,84.0
596714.656414746,84.0
597704.335414746,84.0
598694.492614746,84.0
599684.185014746,84.0
600674.439614746,84.0
601663.907514746,84.0
602654.124514746,84.66666666666667
603644.099414746,
604633.970214746,
605623.975814746,
606613.892614746,
607609.740514746,88.0
607609.740514746,88.0
608594.329214746,89.0
609583.661514746,89.0
610573.936214746,88.0
611564.608314746,85.0
611564.608314746,85.0
612554.569414746,85.0
613543.960614746,85.0
614534.135914746,84.0
615524.142514746,84.0
616514.228514746,84.0
617504.039314746,84.0
618494.257014746,84.0
619483.691214746,84.0
620474.629014746,84.0
621464.480714746,84.0
622454.939414746,84.0
623939.442714746,84.0
624928.984514746,83.71428571428571
625918.876814746,
626909.403114746,
628394.387314746,
628889.316414746,
629879.298714746,
630870.033414746,82.0
630870.033414746,82.0
631860.145114746,82.0
632849.109714746,82.0
632849.109714746,82.0
633839.053914746,82.0
634828.803214746,82.0
635819.512214746,84.0
635819.512214746,84.0
637799.481314746,84.0
638789.133614746,85.0
639288.044514746,85.0
639288.044514746,85.0
639779.436914746,85.0
640768.979014746,84.0
641758.895614746,81.0
641758.895614746,81.0
642749.245414746,80.0
643739.132214746,79.0
643739.132214746,79.0
644729.478414746,81.0
645719.069914746,83.0
645719.069914746,83.0
646708.839614746,84.0
647699.473214746,84.0
648695.515714746,83.0
648695.515714746,83.0
649679.057914746,83.0
650669.275914746,84.0
650669.275914746,84.0
651659.244414746,84.0
652648.151514746,85.0
653639.005214746,87.0
653639.005214746,87.0
654628.942014746,90.0
654628.942014746,90.0
655619.019014746,91.0
656609.627014746,94.0
656609.627014746,94.0
657599.579014746,98.0
657599.579014746,98.0
658588.949214746,100.0
659579.804414746,100.0
660569.155614746,103.0
660569.155614746,103.0
661558.845214746,104.0
662548.353814746,105.0
663538.872214746,106.0
663538.872214746,106.0
664529.563414746,106.0
664529.563414746,106.0
665518.358714746,105.0
666509.110714746,104.0
667498.539814746,103.0
668488.776814746,102.0
669478.663014746,100.0
669478.663014746,100.0
670469.168614746,99.0
670469.168614746,99.0
671459.431214746,102.0
671459.431214746,102.0
672448.779714746,103.0
673934.060414746,103.0
673934.060414746,103.0
674923.277814746,102.0
676409.374414746,101.0
676409.374414746,101.0
676904.002714746,98.0
676904.002714746,98.0
677894.381114746,97.0
679379.274814746,98.0
679379.274814746,98.0
679874.066214746,97.0
680864.350114746,97.0
681853.498414746,97.0
682846.906614746,97.0
683834.074214746,95.0
683834.074214746,95.0
684823.689614746,94.0
685813.563914746,94.0
685813.563914746,94.0
686804.929114746,95.0
687793.760114746,96.0
689773.250714746,99.0
689773.250714746,99.0
689774.470714746,98.0
689774.470714746,98.0
690764.713714746,98.0
691754.026214746,97.0
691754.026214746,97.0
692743.851014746,96.0
692743.851014746,96.0
693734.319514746,97.0
694723.617214746,99.0
694723.617214746,99.0
695713.535614746,100.0
696704.278114746,101.0
696704.278114746,101.0
697693.478914746,101.0
698683.506814746,102.0
698683.506814746,102.0
699674.115314746,102.0
700663.777114746,102.0
701654.153414746,102.0
702643.583914746,103.0
703633.273414746,103.0
703633.273414746,103.0
704623.591214746,104.0
705613.858314746,102.0
705613.858314746,102.0
706604.250414746,101.0
706604.250414746,101.0
707593.894414746,102.0
707593.894414746,102.0
708583.601014746,103.0
709573.521614746,105.0
709573.521614746,105.0
711059.342314746,106.0
711554.732214746,107.0
712543.966714746,108.0
712543.966714746,108.0
713534.375814746,108.0
714523.165114746,107.0
715513.658014746,106.0
716503.872014746,105.0
718483.863914746,102.0
718483.863914746,102.0
718484.869214746,101.0
719473.640214746,100.0
721453.800114746,99.0
721453.800114746,99.0
721453.800114746,98.0
722939.759514746,97.0
723929.591314746,94.0
723929.591314746,94.0
724919.089914746,93.0
725909.299514746,94.0
725909.299514746,94.0
726899.597714746,95.0
727888.915414746,97.0
727888.915414746,97.0
728879.104914746,97.0
729868.744214746,99.0
729868.744214746,99.0
730858.750114746,99.0
731849.733614746,97.0
731849.733614746,97.0
732838.418014746,96.0
733828.336514746,95.0
734818.616214746,93.0
734818.616214746,93.0
735807.991414746,91.0
736799.206114746,89.0
736799.206114746,89.0
737788.821714746,88.0
738780.451014746,87.0
738780.451014746,87.0
739770.108014746,87.0
740757.672414746,89.0
740757.672414746,89.0
741748.587014746,92.0
741748.587014746,92.0
742738.948714746,95.0
742738.948714746,95.0
743728.753014746,95.0
744719.296614746,97.0
745708.878914746,100.0
745708.878914746,100.0
746698.908914746,100.0
747688.043914746,101.0
748678.557914746,103.0
748678.557914746,103.0
749669.234614746,104.0
749669.234614746,104.0
750658.971414746,104.0
752143.626314746,106.0
752143.626314746,106.0
752638.603014746,105.0
752638.603014746,105.0
753629.063814746,104.0
754618.782214746,104.0
754618.782214746,104.0
755608.999414746,103.0
755608.999414746,103.0
756599.155414746,102.0
757588.323714746,100.0
757588.323714746,100.0
758578.599814746,99.0
759568.733914746,98.0
759568.733914746,98.0
760558.887114746,97.0
761549.189414746,97.0
762539.176614746,95.0
762539.176614746,95.0
763528.632014746,94.0
764519.102714746,94.0
765509.002314746,93.0
767489.005014746,93.0
767489.005014746,93.0
767489.005014746,93.0
768480.115914746,94.0
768480.115914746,94.0
769468.932714746,98.0
769468.932714746,98.0
770459.295014746,100.0
771448.783914746,102.0
771448.783914746,102.0
772934.306414746,104.0
774419.082814746,105.0
774914.171814746,107.0
774914.171814746,107.0
775903.718214746,108.0
775903.718214746,108.0
776894.582914746,108.0
777885.037914746,108.0
777885.037914746,108.0
778873.826014746,106.0
778873.826014746,106.0
780854.320014746,104.0
781347.919114746,102.0
781347.919114746,102.0
783328.415414746,101.0
783328.415414746,101.0
783823.907914746,101.0
783823.907914746,100.0
783823.907914746,100.0
784812.763414746,99.0
784812.763414746,99.0
786299.078114746,99.0
786793.079414746,98.0
786793.079414746,98.0
787783.845714746,99.0
787783.845714746,99.0
788774.134314746,99.0
790258.952014746,99.0
790258.952014746,99.0
790754.492214746,99.0
792733.670814746,100.0
792734.670514746,100.0
793723.968814746,100.0
795208.113914746,100.0
795704.069614746,101.0
795704.069614746,101.0
796694.172914746,102.0
796694.172914746,102.0
797684.040514746,103.0
797684.040514746,103.0
798673.928714746,103.0
798673.928714746,103.0
799663.878814746,109.0
799663.878814746,109.0
800653.811314746,109.0
801643.637414746,109.0
803134.791014746,120.0
803134.791014746,120.0
803134.791014746,120.0
803623.377514746,122.0
804613.817714746,123.0
804613.817714746,123.0
805603.745114746,125.0
805603.745114746,125.0
806594.387314746,124.0
807583.071714746,124.0
809069.711814746,123.0
809069.711814746,123.0
810061.027714746,123.0
810061.027714746,123.0
810554.522814746,124.0
810554.522814746,124.0
811543.898414746,124.0
813028.659714746,125.0
813028.659714746,125.0
813523.779914746,123.0
813523.779914746,123.0
815008.310014746,123.0
815504.319214746,121.0
815504.319214746,121.0
816493.979114746,121.0
816493.979114746,121.0
817483.562114746,121.0
818474.349314746,122.0
818474.349314746,122.0
819958.775714746,123.0
819958.775714746,123.0
819958.775714746,123.0
820949.789714746,123.0
821444.080514746,124.0
821444.080514746,124.0
821444.080514746,124.0
822928.751814746,124.0
823918.632914746,124.0
824910.982714746,124.0
825897.980814746,124.0
825897.980814746,124.0
825897.980814746,124.0
826888.805614746,124.0
827878.422514746,124.0
828869.143214746,124.0
829857.697514746,124.0
829857.697514746,124.0
830848.809014746,124.0
831837.972714746,124.0
832828.960614746,124.0
832828.960614746,124.0
833819.824914746,124.0
834808.347814746,124.0
834808.347814746,124.0
835799.212014746,124.0
836789.555814746,124.0
836789.555814746,124.0
836789.555814746,124.0
837778.817914746,124.0
838768.364014746,124.0
838768.364014746,124.0
839758.834814746,125.0
839758.834814746,125.0
840749.222814746,126.0
840749.222814746,126.0
841738.188014746,126.0
842728.352214746,127.0
842728.352214746,127.0
843719.507414746,127.0
844708.739014746,129.0
844708.739014746,129.0
845698.198714746,131.0
846688.476114746,133.0
847679.068614746,136.0
847679.068614746,136.0
848668.185714746,138.0
848668.185714746,138.0
849658.443214746,138.0
850649.397414746,139.0
850649.397414746,139.0
851638.209514746,139.0
851638.209514746,139.0
852628.859914746,138.0
852628.859914746,138.0
852628.859914746,138.0
854112.570714746,138.0
854609.098114746,138.0
856094.266614746,137.0
858073.624114746,137.0
858073.624114746,137.0
858073.624114746,136.0
859062.932014746,136.0
859560.026514746,136.0
859560.026514746,136.0
860549.670614746,136.0
860549.670614746,136.0
863024.519314746,134.0
863024.519314746,134.0
863024.519314746,132.0
863024.519314746,132.0
865004.398314746,130.0
865004.398314746,130.0
865498.821614746,128.0
865498.821614746,128.0
865499.830514746,127.0
866489.455714746,126.0
866489.455714746,126.0
866489.455714746,126.0
867479.366714746,126.0
867479.366714746,126.0
868468.991414746,126.0
869953.917714746,127.0
869953.917714746,127.0
870448.917714746,127.0
871933.433614746,127.0
872924.464614746,127.0
873914.328214746,128.0
873914.328214746,128.0
874904.154514746,128.0
875893.852514746,128.0
875893.852514746,128.0
876883.543514746,128.0
876883.543514746,128.0
877873.856514746,125.0
877873.856514746,125.0
878863.582714746,122.0
878863.582714746,122.0
879853.709114746,119.0
879853.709114746,119.0
880844.374914746,117.0
881833.057914746,115.0
882824.092714746,111.0
882824.092714746,111.0
883813.093214746,110.0
883813.093214746,110.0
884804.359214746,111.0
884804.359214746,111.0
885794.387414746,111.0
885794.387414746,111.0
886784.294714746,112.0
887773.818114746,112.0
888763.595714746,112.0
889753.597314746,113.0
890742.931114746,113.0
891733.220914746,114.0
892723.254314746,114.0
893712.852114746,115.0
893712.852114746,115.0
894703.247414746,114.0
895693.338014746,113.0
896683.318814746,112.0
896683.318814746,112.0
898169.085314746,103.0
898169.085314746,103.0
898663.580314746,103.0
899653.055014746,100.0
899653.055014746,100.0
901139.326914746,99.0
901139.326914746,99.0
901632.858014746,99.0
902623.357514746,99.0
903613.095714746,99.0
903613.095714746,99.0
904603.835414746,99.0
905594.064114746,99.0
906582.928414746,102.0
906582.928414746,102.0
907573.430114746,103.0
908564.588814746,103.0
909553.355814746,103.0
910543.197914746,103.0
910543.197914746,103.0
911533.881414746,103.0
912523.142514746,101.0
912523.142514746,101.0
913514.024314746,101.0
914503.258814746,101.0
915493.984614746,99.0
916483.823314746,99.0
916483.823314746,99.0
917472.894614746,98.0
917472.894614746,98.0
918463.991214746,99.0
919453.771214746,100.0
920443.446014746,101.0
921928.308314746,101.0
922918.633814746,101.0
923908.355714746,101.0
925394.022214746,101.0
925888.066114746,100.0
926878.236614746,99.0
926878.236614746,99.0
927868.729414746,99.0
928858.156614746,97.0
928858.156614746,97.0
929848.591914746,95.0
929848.591914746,95.0
930838.785014746,95.0
931828.282614746,95.0
932818.927614746,95.0
932818.927614746,95.0
933808.915414746,93.0
934798.447014746,91.0
935788.693914746,87.0
935788.693914746,87.0
937273.048814746,85.0
937768.285814746,84.0
937768.285814746,84.0
938757.853414746,84.0
939748.945014746,85.0
939748.945014746,85.0
940737.924114746,85.0
941727.995414746,85.0
943212.906714746,85.0
943707.736914746,86.0
945688.181114746,87.0
945688.181114746,87.0
945689.177114746,88.0
946678.441814746,89.0
946678.441814746,89.0
947668.587614746,90.0
949153.313314746,90.0
949648.026214746,90.0
950638.793714746,85.0
951628.195114746,83.0
951628.195114746,83.0
952618.156114746,82.0
953608.814814746,81.0
954598.503714746,80.0
954598.503714746,80.0
955588.551914746,80.0
956578.369914746,80.0
957568.604614746,80.0
957568.604614746,80.0
958558.913614746,80.0
959548.686714746,80.0
959548.686714746,80.0
960537.986614746,81.0
961529.000114746,82.0
961529.000114746,82.0
962518.871814746,82.0
963508.106514746,84.0
963508.106514746,84.0
964498.770314746,85.0
965488.119614746,87.0
965488.119614746,87.0
966478.742414746,87.0
967467.987014746,88.0
967467.987014746,88.0
968458.868314746,88.0
969448.740214746,89.0
969448.740214746,89.0
971428.001614746,89.0
971923.031714746,90.0
972913.743014746,92.0
972913.743014746,92.0
973903.142814746,92.0
974893.148714746,94.0
974893.148714746,94.0
975883.283614746,94.0
976873.623514746,94.0
977863.620714746,93.0
977863.620714746,93.0
978853.762714746,92.0
979843.648014746,90.0
979843.648014746,90.0
980833.725114746,89.0
981823.708514746,88.0
981823.708514746,88.0
982813.023214746,88.0
983803.035714746,88.0
984793.322014746,88.0
984793.322014746,88.0
985783.131614746,87.0
986773.193614746,87.0
987763.567314746,85.0
987763.567314746,85.0
988752.942114746,84.0
989743.656014746,84.0
989743.656014746,84.0
991228.271914746,84.0
991722.889614746,85.0
991722.889614746,85.0
992712.959114746,86.0
993702.764314746,87.0
993702.764314746,87.0
994693.460514746,88.0
995683.664714746,87.0
995683.664714746,87.0
996673.634314746,87.0
997663.255014746,87.0
997663.255014746,87.0
998653.580414746,87.0
999643.765014746,88.0
1000633.19071475,88.0
1001623.22951475,89.0
1002613.09091475,91.0
1002613.09091475,91.0
1003602.76561475,92.0
1004593.08981475,92.0
1004593.08981475,92.0
1005582.84981475,91.0
1006573.14941475,88.0
1006573.14941475,88.0
1007564.22301475,88.0
1008553.60541475,88.0
1009543.27371475,87.0
1009543.27371475,87.0
1010533.66111475,86.0
1011523.28811475,86.0
1012513.11691475,85.0
1012513.11691475,85.0
1013503.18661475,85.0
1014493.99291475,85.0
1015483.79361475,85.0
1016473.03081475,84.0
1016473.03081475,84.0
1017462.87661475,83.0
1018452.78671475,83.0
1018452.78671475,83.0
1019442.69421475,86.0
1020928.55381475,88.0
1020928.55381475,88.0
1021917.82931475,87.0
1022908.92111475,86.0
1022908.92111475,86.0
1023898.79401475,86.0
1024887.78391475,87.0
1025878.11121475,88.0
1025878.11121475,88.0
1026868.06901475,88.0
1028353.58551475,87.0
1028353.58551475,87.0
1028848.05461475,86.0
1029838.54641475,85.0
1030828.56391475,85.0
1030828.56391475,85.0
1031818.05201475,84.0
1032808.23961475,84.0
1032808.23961475,84.0
1033798.61161475,85.0
1034788.47551475,85.0
1035779.43091475,85.0
1035779.43091475,85.0
1037263.43241475,85.0
1037758.54781475,84.0
1038748.85781475,83.0
1038748.85781475,83.0
1039737.88731475,84.0
1040728.25381475,84.0
1040728.25381475,84.0
1041718.37341475,83.0
1042708.05721475,84.0
1043698.86021475,84.0
1044688.22151475,82.0
1044688.22151475,82.0
1045678.01261475,81.0
1046668.45951475,81.0
1046668.45951475,81.0
1047658.68721475,82.0
1049638.03541475,82.0
1050132.78651475,82.0
1050132.78651475,82.0
1050628.00801475,82.0
1051618.61121475,82.0
1052608.57341475,82.0
1052608.57341475,82.0
1053598.55271475,82.0
1054588.61531475,81.0
1054588.61531475,81.0
1055577.69851475,82.0
1056567.82851475,83.0
1056567.82851475,83.0
1057558.12971475,83.0
1059538.02091475,84.0
1060032.94901475,85.0
1060032.94901475,85.0
1060528.01871475,85.0
1061518.12001475,85.0
1061518.12001475,85.0
1062508.12881475,86.0
1063498.01681475,87.0
1063498.01681475,87.0
1064488.48551475,87.0
1065478.18301475,87.0
1065478.18301475,87.0
1066468.72951475,87.0
1067458.00941475,88.0
1067458.00941475,88.0
1068447.78021475,89.0
1069437.86291475,89.0
1069437.86291475,89.0
1070923.30541475,89.0
1071913.42461475,88.0
1072903.29961475,87.0
1072903.29961475,87.0
1074883.40931475,86.0
1075378.05871475,85.0
1075873.20791475,83.0
1075873.20791475,83.0
1077358.01411475,83.0
1077853.70651475,84.0
1078843.73111475,84.0
1078843.73111475,84.0
1079833.03111475,84.0
1080822.71101475,83.0
1081812.68381475,83.0
1081812.68381475,83.0
1082803.73961475,82.0
1083793.05711475,82.0
1084783.55931475,81.0
1084783.55931475,81.0
1085773.30611475,81.0
1086762.82221475,81.0
1086762.82221475,81.0
1087752.65151475,82.0
1088742.58321475,82.0
1089733.56171475,82.0
1089733.56171475,82.0
1090722.88861475,82.0
1091713.28191475,82.0
1092703.62581475,82.0
1092703.62581475,82.0
1093692.82501475,82.0
1094683.01731475,82.0
1095673.10521475,81.0
1095673.10521475,81.0
1096663.39921475,81.0
1097653.29551475,81.0
1097653.29551475,81.0
1098643.23771475,81.0
1100128.40411475,81.0
1100623.18601475,82.0
1101612.86831475,81.0
1101612.86831475,81.0
1102603.24471475,80.0
1103593.60851475,80.0
1103593.60851475,80.0
1104582.54831475,80.0
1105573.32641475,82.0
1105573.32641475,82.0
1106563.24891475,83.0
1107553.14241475,84.0
1108542.77701475,84.0
1108542.77701475,84.0
1109533.21971475,83.0
1110523.56491475,83.0
1111512.86351475,82.0
1111512.86351475,82.0
1112502.88841475,81.0
1113492.72021475,81.0
1114482.61131475,82.0
1114482.61131475,82.0
1115472.91611475,84.0
1115472.91611475,84.0
1116463.29731475,85.0
1117453.45861475,85.0
1118442.81831475,86.0
1118442.81831475,86.0
1119433.27061475,85.0
1120918.36171475,85.0
1120918.36171475,85.0
1121908.29371475,85.0
1122898.58921475,86.0
1122898.58921475,86.0
1123888.26441475,87.0
1125373.67701475,89.0
1125373.67701475,89.0
1125868.11611475,91.0
1125868.11611475,91.0
1126858.44771475,91.0
1127847.75521475,91.0
1127847.75521475,91.0
1128838.61321475,91.0
1129828.18611475,92.0
1129828.18611475,92.0
1130818.19611475,92.0
1131808.12371475,93.0
1131808.12371475,93.0
1132798.08551475,93.0
1133788.50561475,93.0
1133788.50561475,93.0
1134777.69281475,93.0
1135768.92831475,92.0
1135768.92831475,92.0
1136758.42351475,92.0
1136758.42351475,92.0
1137748.01671475,92.0
1138737.81451475,92.0
1138737.81451475,92.0
1139727.71211475,92.0
1140718.38221475,92.0
1140718.38221475,92.0
1141707.56461475,91.0
1142698.53421475,91.0
1142698.53421475,91.0
1143687.88531475,90.0
1144678.27761475,91.0
1144678.27761475,91.0
1145667.55501475,91.0
1146658.14221475,92.0
1146658.14221475,92.0
1147648.08371475,93.0
1148638.20181475,93.0
1148638.20181475,93.0
1149628.75241475,92.0
1150618.26841475,91.0
1151608.36121475,90.0
1151608.36121475,90.0
1152598.32851475,89.0
1153588.69621475,89.0
1154578.92771475,86.0
1154578.92771475,86.0
1155567.77951475,86.0
1156558.45131475,84.0
1156558.45131475,84.0
1157547.78631475,84.0
1158537.88831475,83.0
1159528.82301475,84.0
1159528.82301475,84.0
1160517.71081475,84.0
1161508.48991475,85.0
1161508.48991475,85.0
1162498.40151475,85.0
1163488.73871475,85.0
1163488.73871475,85.0
1164477.98361475,85.0
1165468.25541475,86.0
1165468.25541475,86.0
1166457.99441475,86.0
1167448.49431475,87.0
1167448.49431475,87.0
1168437.58101475,88.0
1169923.34121475,89.0
1169923.34121475,89.0
1170913.53591475,89.0
1171903.12421475,90.0
1171903.12421475,90.0
1172893.30381475,90.0
1173883.40081475,90.0
1173883.40081475,90.0
1174872.66351475,90.0
1174872.66351475,90.0
1175862.46771475,91.0
1176852.94581475,92.0
1176852.94581475,92.0
1178833.71311475,93.0
1178833.71311475,93.0
1178833.71311475,93.0
1179822.51321475,93.0
1180813.29151475,93.0
1181802.64411475,93.0
1181802.64411475,93.0
1182793.53601475,94.0
1183784.09231475,95.0
1183784.09231475,95.0
1184773.45681475,96.0
1184773.45681475,96.0
1185763.37991475,96.0
1186753.28661475,98.0
1186753.28661475,98.0
1187742.41351475,99.0
1188732.63351475,98.0
1188732.63351475,98.0
1189722.88671475,97.0
1190713.03411475,93.0
1190713.03411475,93.0
1191702.99631475,92.0
1192693.56021475,90.0
1193683.23221475,90.0
1193683.23221475,90.0
1194672.66601475,89.0
1194672.66601475,89.0
1195662.58091475,89.0
1196653.09271475,90.0
1196653.09271475,90.0
1197643.11411475,90.0
1198633.10731475,90.0
1199623.79701475,90.0
1199623.79701475,90.0
1200612.93411475,89.0
1201602.98131475,89.0
1202594.26061475,87.0
1202594.26061475,87.0
1204572.95931475,87.0
1204572.95931475,85.0
1204572.95931475,85.0
1205563.36401475,85.0
1206552.49281475,84.0
1207543.21211475,84.0
1208533.21211475,84.0
1208533.21211475,84.0
1209522.67271475,83.0
1210512.44461475,82.0
1211503.06811475,81.0
1211503.06811475,81.0
1212492.67641475,81.0
1213482.51271475,81.0
1214473.07431475,81.0
1214473.07431475,81.0
1215462.71231475,81.0
1216452.80331475,80.0
1217442.70221475,79.0
1217442.70221475,79.0
1218433.06031475,79.0
1219918.50581475,79.0
1220908.12601475,80.0
1221898.17011475,80.0
1222888.32661475,78.0
1222888.32661475,78.0
1223877.97131475,77.0
1224868.19981475,77.0
1225857.99381475,77.0
1226848.17741475,75.0
1226848.17741475,75.0
1227838.32601475,75.0
1228828.56331475,76.0
1228828.56331475,76.0
1229817.86861475,77.0
1230808.53101475,78.0
1231797.79301475,79.0
1232788.12431475,79.0
1232788.12431475,79.0
1233777.72601475,79.0
1234767.47721475,78.0
1235757.76301475,78.0
1235757.76301475,78.0
1236748.05191475,78.0
1237738.22691475,78.0
1238728.40491475,80.0
1238728.40491475,80.0
1239718.59121475,80.0
1240708.42921475,80.0
1241698.33181475,80.0
1241698.33181475,80.0
1242687.57991475,79.0
1243677.97761475,79.0
1244667.65141475,79.0
1244667.65141475,79.0
1245658.40291475,79.0
1246648.13201475,81.0
1246648.13201475,81.0
1247637.84471475,82.0
1248628.21571475,82.0
1249618.11461475,83.0
1249618.11461475,83.0
1250608.48931475,83.0
1251598.14501475,82.0
1252588.33811475,82.0
1252588.33811475,82.0
1253578.48221475,81.0
1254567.65671475,81.0
1254567.65671475,81.0
1255558.25301475,81.0
1256548.20871475,82.0
1256548.20871475,82.0
1257538.48961475,83.0
1258527.71951475,84.0
1258527.71951475,84.0
1259518.13601475,85.0
1260508.21361475,87.0
1260508.21361475,87.0
1261497.83991475,87.0
1262487.93821475,89.0
1262487.93821475,89.0
1263477.90591475,90.0
1264468.01521475,91.0
1264468.01521475,91.0
1265458.32231475,90.0
1266448.52821475,91.0
1266448.52821475,91.0
1267438.43121475,92.0
1267438.43121475,92.0
1268922.45521475,92.0
1269913.11411475,93.0
1269913.11411475,93.0
1271397.93301475,93.0
1271893.18031475,93.0
1271893.18031475,93.0
1272883.12021475,93.0
1273873.20621475,91.0
1273873.20621475,91.0
1274863.40211475,91.0
1275853.07111475,90.0
1276843.27751475,89.0
1276843.27751475,89.0
1277832.88921475,89.0
1278822.87831475,89.0
1278822.87831475,89.0
1279812.90251475,89.0
1280802.89611475,90.0
1280802.89611475,90.0
1281793.17941475,90.0
1281793.17941475,90.0
1282783.28941475,90.0
1283773.20591475,90.0
1284763.04571475,90.0
1284763.04571475,90.0
1285753.24121475,89.0
1286743.50651475,89.0
1286743.50651475,89.0
1287732.53551475,89.0
1288723.32781475,89.0
1288723.32781475,89.0
1289713.20041475,89.0
1290703.33191475,90.0
1290703.33191475,90.0
1291693.40821475,90.0
1292683.28421475,90.0
1293673.69911475,90.0
1293673.69911475,90.0
1294663.59311475,90.0
1295653.05301475,91.0
1295653.05301475,91.0
1296642.49641475,91.0
1297633.16971475,92.0
1297633.16971475,92.0
1298622.68911475,93.0
1299612.87191475,93.0
1299612.87191475,93.0
1300603.01701475,93.0
1301594.08891475,92.0
1301594.08891475,92.0
1302582.75161475,92.0
1303572.83971475,91.0
1303572.83971475,91.0
1304562.54631475,90.0
1305553.38041475,91.0
1306543.19121475,92.0
1306543.19121475,92.0
1307533.35831475,93.0
1309512.88181475,94.0
1309512.88181475,94.0
1309512.88181475,94.0
1310503.38811475,94.0
1311493.70641475,94.0
1312482.46221475,93.0
1313473.33681475,91.0
1313473.33681475,91.0
1314464.11071475,90.0
1315947.58251475,89.0
1315947.58251475,89.0
1316442.97691475,89.0
1317433.37341475,89.0
1317433.37341475,89.0
1318917.95201475,89.0
1319908.32771475,88.0
1319908.32771475,88.0
1320897.88261475,87.0
1321887.74411475,87.0
1322878.16201475,86.0
1322878.16201475,86.0
1323868.14631475,86.0
1324858.22481475,87.0
1324858.22481475,87.0
1325848.01451475,87.0
1326837.82971475,88.0
1326837.82971475,88.0
1327827.66681475,88.0
1328817.61041475,87.0
1329807.95671475,86.0
1329807.95671475,86.0
1330798.72611475,86.0
1331787.56011475,84.0
1332777.82721475,84.0
1332777.82721475,84.0
1333767.72491475,83.0
1334758.26201475,84.0
1335748.56631475,84.0
1336738.27551475,84.0
1336738.27551475,84.0
1337728.86671475,84.0
1338718.01031475,87.0
1338718.01031475,87.0
1339708.33291475,87.0
1340698.04081475,87.0
1341687.72321475,88.0
1342678.33431475,88.0
1343668.02211475,88.0
1344658.07561475,88.0
1345647.83471475,91.0
1345647.83471475,91.0
1346637.93091475,92.0
1346637.93091475,92.0
1347629.02901475,92.0
1348618.23291475,96.0
1348618.23291475,96.0
1349608.40761475,96.0
1350597.62701475,97.0
1351588.35551475,96.0
1352578.13261475,95.0
1353567.96131475,93.0
1354558.08481475,92.0
1355547.55761475,92.0
1356538.00051475,92.0
1358518.30751475,91.0
1358518.30751475,90.0
1358518.30751475,90.0
1359508.30191475,90.0
1360497.43631475,90.0
1360497.43631475,90.0
1361488.93901475,94.0
1361488.93901475,94.0
1362478.42921475,96.0
1363467.85951475,97.0
1363467.85951475,97.0
1364457.53051475,97.0
1365447.33301475,96.0
1365447.33301475,96.0
1366438.10871475,96.0
1367923.65151475,95.0
1367923.65151475,95.0
1368914.56231475,94.0
1370398.26611475,93.0
1370398.26611475,93.0
1370892.73211475,93.0
1371882.44331475,92.0
1371882.44331475,92.0
1372873.25041475,91.0
1373863.47421475,90.0
1373863.47421475,90.0
1374852.54671475,89.0
1375842.95701475,88.0
1375842.95701475,88.0
1376832.96991475,88.0
1377822.45341475,88.0
1377822.45341475,88.0
1378813.27581475,89.0
1379802.36821475,90.0
1379802.36821475,90.0
1380793.15191475,90.0
1381782.97251475,90.0
1382772.46261475,89.0
1382772.46261475,89.0
1383762.43271475,89.0
1384752.43911475,87.0
1384752.43911475,87.0
1385743.46481475,86.0
1386732.60381475,86.0
1387722.23361475,85.0
1387722.23361475,85.0
1388713.16861475,86.0
1389703.56751475,87.0
1389703.56751475,87.0
1390692.88541475,87.0
1391682.73311475,87.0
1392672.75571475,88.0
1393662.92801475,88.0
1393662.92801475,88.0
1394653.24081475,88.0
1395642.84541475,88.0
1395642.84541475,88.0
1396632.32701475,88.0
1397623.16021475,90.0
1397623.16021475,90.0
1398613.25951475,90.0
1399602.97031475,91.0
1400593.24171475,90.0
1400593.24171475,90.0
1401582.67901475,89.0
1402572.69691475,88.0
1403562.30961475,86.0
1404552.87961475,83.0
1404552.87961475,83.0
1405542.78371475,82.0
1406533.46401475,82.0
1407523.31001475,81.0
1407523.31001475,81.0
1408513.17071475,81.0
1409503.16091475,81.0
1410493.05961475,82.0
1410493.05961475,82.0
1411482.98831475,82.0
1412472.66981475,81.0
1413462.74751475,81.0
1414452.33291475,80.0
1414452.33291475,80.0
1415443.12031475,79.0
1416433.24711475,79.0
1416433.24711475,79.0
1417917.97191475,79.0
1418907.38461475,79.0
1419898.14931475,81.0
1419898.14931475,81.0
1420887.72591475,82.0
1421877.98801475,82.0
1421877.98801475,82.0
1422868.18941475,82.0
1423857.44791475,82.0
1424847.29691475,81.0
1424847.29691475,81.0
1425837.52501475,81.0
1426827.39081475,84.0
1426827.39081475,84.0
1427817.72401475,86.0
1428807.93501475,89.0
1428807.93501475,89.0
1429797.95141475,90.0
1430787.24361475,90.0
1432273.03021475,89.0
1433262.46121475,85.0
1433262.46121475,85.0
1433757.67391475,83.0
1434748.29731475,82.0
1435738.03191475,81.0
1435738.03191475,81.0
1436727.86651475,82.0
1437717.22481475,82.0
1438707.79801475,82.0
1439697.52281475,82.0
1440687.63671475,82.0
1441676.89101475,83.0
1441676.89101475,83.0
1442667.44241475,83.0
1444153.29801475,86.0
1444153.29801475,86.0
1444648.27121475,87.0
1445638.51751475,87.0
1446627.22321475,85.0
1447617.96381475,84.0
1448607.89761475,81.0
1448607.89761475,81.0
1450093.77611475,80.0
1450587.48421475,79.0
1451578.30501475,79.0
1451578.30501475,79.0
1452567.66461475,79.0
1453557.40801475,81.0
1453557.40801475,81.0
1454547.43311475,82.0
1456033.02701475,83.0
1456528.12601475,83.0
1456528.12601475,83.0
1457517.28471475,83.0
1458508.17691475,82.0
1459497.50941475,81.0
1459497.50941475,81.0
1460487.73421475,81.0
1461477.76341475,81.0
1461477.76341475,81.0
1462467.81901475,82.0
1463458.07031475,83.0
1463458.07031475,83.0
1464447.92211475,83.0
1465437.84581475,84.0
1466427.41861475,84.0
1466427.41861475,84.0
1467912.26591475,85.0
1468903.00191475,85.0
1468903.00191475,85.0
1469892.84471475,85.0
1470883.15041475,86.0
1470883.15041475,86.0
1471872.94071475,88.0
1471872.94071475,88.0
1472862.95221475,88.0
1473852.16481475,90.0
1473852.16481475,90.0
1474842.94761475,90.0
1475832.90921475,91.0
1475832.90921475,91.0
1476822.34011475,91.0
1477812.60171475,93.0
1477812.60171475,93.0
1478802.30871475,93.0
1479792.39861475,92.0
1479792.39861475,92.0
1480782.99671475,92.0
1481773.02811475,92.0
1481773.02811475,92.0
1483753.10331475,92.0
1483753.10331475,92.0
1483753.10331475,92.0
1484743.14141475,92.0
1485732.66281475,91.0
1485732.66281475,91.0
1486723.13591475,90.0
1487713.07701475,89.0
1488702.97681475,87.0
1488702.97681475,87.0
1489692.49221475,86.0
1490682.39441475,86.0
1491672.57601475,85.0
1491672.57601475,85.0
1492662.81181475,84.0
1493653.09551475,84.0
1493653.09551475,84.0
1494643.01431475,85.0
1495633.48061475,85.0
1495633.48061475,85.0
1496622.75121475,86.0
1497613.05541475,86.0
1498602.27271475,85.0
1498602.27271475,85.0
1499592.70001475,85.0
1500583.14701475,85.0
1500583.14701475,85.0
1502067.78341475,84.0
1502562.43131475,84.0
1503552.27801475,84.0
1503552.27801475,84.0
1504542.43721475,84.0
1505533.02551475,84.0
1505533.02551475,84.0
1506522.20191475,85.0
1507512.58431475,85.0
1508502.91401475,84.0
1508502.91401475,84.0
1509493.43021475,84.0
1510482.71231475,83.0
1511472.96411475,83.0
1511472.96411475,83.0
1512462.39481475,82.0
1513452.60281475,82.0
1513452.60281475,82.0
1514442.66661475,83.0
1515432.66121475,84.0
1515432.66121475,84.0
1516917.74441475,84.0
1517907.93191475,84.0
1518897.90041475,84.0
1518897.90041475,84.0
1519887.87491475,85.0
