Row,Timestamp,EventSource,SlideEvent,StimType,Duration,CollectionPhase,SourceStimuliName,EventSource.1,Heart Rate,R-R interval,Energy expended,Contact,EventSource.2,Heart Rate.1,R-R interval.1,Energy expended.1,Contact.1,EventSource.3,InputEventSource,Data,StimType.1,EventSource.4,Event Group,Event Label,Event Text,Event Index,EventSource.5,SampleNumber,Timestamp RAW,Timestamp CAL,System Timestamp CAL,VSenseBatt RAW,VSenseBatt CAL,Internal ADC A13 PPG RAW,Internal ADC A13 PPG CAL,GSR RAW,GSR Resistance CAL,GSR Conductance CAL,2GSR RAW,2GSR Resistance CAL,2GSR Conductance CAL,IBI PPG ALG,Packet reception rate RAW,Heart rate,Heart rate.1
1.0,0.0,Screen recording 1,,,,,Screen recording 1,,73.5,816.36,,,,63.26,948.53,,,,,,,,,,,,,1.0,1000000.0,100.0,1757412894000.0,2839.0,4023.8792967050686,2636.0,1960.6133902052852,49717.0,6110.2562906054645,4.9717,50570.0,6375.445580104329,5.057,816.36,100.0,,
2.0,0.007812601726584982,Screen recording 1,,,,,Screen recording 1,,,,,,,,,,,,,,,,,,,,,2.0,1000001.0,100.00390630086329,1757412894001.0,2810.0,4052.849576930044,2189.0,1828.8896825531401,49260.0,6350.710134591967,4.926,50754.0,6183.653379638411,5.0754,,100.0,,
3.0,0.015625203453169964,Screen recording 1,,,,,Screen recording 1,,,,,,,,,,,,,,,,,,,,,3.0,1000002.0,100.00781260172658,1757412894002.0,2764.0,4028.4156710050993,2155.0,1872.469734611046,49410.0,6207.25690344975,4.941,49154.0,6473.634055906143,4.9154,,100.0,,
4.0,0.023437805179754946,Screen recording 1,,,,,Screen recording 1,,,,,,,,,,,,,,,,,,,,,4.0,1000003.0,100.01171890258988,1757412894003.0,2817.0,4003.908060415554,2714.0,1917.872359882863,49306.0,6391.458533303367,4.9306,50931.0,6359.56215082663,5.0931,,100.0,,
5.0,0.03125040690633993,Screen recording 1,,,,,Screen recording 1,,,,,,,,,,,,,,,,,,,,,5.0,1000004.0,100.01562520345317,1757412894004.0,2743.0,4018.2656735958453,2099.0,1859.8553997302834,49502.0,6389.719511797668,4.9502,50090.0,6269.161092605065,5.009,,100.0,,
6.0,0.03906300863292491,Screen recording 1,,,,,Screen recording 1,,,,,,,,,,,,,,,,,,,,,6.0,1000005.0,100.01953150431646,1757412894005.0,2859.0,4028.5935083069635,2189.0,1859.344252377762,49567.0,6145.60290181947,4.9567,50070.0,6255.059846118283,5.007,,100.0,,
7.0,0.04687561035950989,Screen recording 1,,,,,Screen recording 1,,,,,,,,,,,,,,,,,,,,,7.0,1000006.0,100.02343780517975,1757412894006.0,2747.0,4086.2571705153673,2492.0,1901.6132320661673,49983.0,6015.218812896066,4.9983,49983.0,6103.592183754956,4.9983,,100.0,,
8.0,0.054688212086094874,Screen recording 1,,,,,Screen recording 1,,,,,,,,,,,,,,,,,,,,,8.0,1000007.0,100.02734410604305,1757412894007.0,2881.0,4058.716810422681,2023.0,1949.3520299619295,49755.0,6061.7075381467885,4.9755,50492.0,6496.137063739452,5.0492,,100.0,,
9.0,0.06250081381267986,Screen recording 1,,,,,Screen recording 1,,,,,,,,,,,,,,,,,,,,,9.0,1000008.0,100.03125040690634,1757412894008.0,2839.0,4037.6299140154606,2039.0,1875.8424707663685,49440.0,6187.74062857148,4.944,49862.0,6387.722055512671,4.9862,,100.0,,
10.0,0.07031341553926485,Screen recording 1,,,,,Screen recording 1,,,,,,,,,,,,,,,,,,,,,10.0,1000009.0,100.03515670776963,1757412894009.0,2784.0,4069.324519396869,2469.0,1960.8252577503015,49558.0,6263.649093089313,4.9558,50086.0,6275.915923867099,5.0086,,100.0,,
11.0,0.07812601726584982,Screen recording 1,,,,,Screen recording 1,,,,,,,,,,,,,,,,,,,,,11.0,1000010.0,100.03906300863292,1757412894010.0002,2789.0,4077.3098756041145,2570.0,1949.2901825709214,49918.0,6342.387349060739,4.9918,49809.0,6291.473802802743,4.9809,,100.0,,
12.0,0.0859386189924348,Screen recording 1,,,,,Screen recording 1,,,,,,,,,,,,,,,,,,,,,12.0,1000011.0,100.04296930949621,1757412894011.0002,2778.0,4019.1178972786056,2392.0,1959.0268458599876,50856.0,6319.328635566472,5.0856,49885.0,6381.211691754545,4.9885,,100.0,,
13.0,0.09375122071901978,Screen recording 1,,,,,Screen recording 1,,,,,,,,,,,,,,,,,,,,,13.0,1000012.0,100.0468756103595,1757412894012.0002,2727.0,4034.0572994508784,2681.0,1994.9489696673909,50265.0,6431.719583367671,5.0265,49425.0,6387.087141879831,4.9425,,100.0,,
14.0,0.10156382244560477,Screen recording 1,,,,,Screen recording 1,,,,,,,,,,,,,,,,,,,,,14.0,1000013.0,100.0507819112228,1757412894013.0002,2862.0,4070.4859253763316,2051.0,1954.3898455536164,50197.0,6145.23270589936,5.0197,50041.0,6471.902774391775,5.0041,,100.0,,
15.0,0.10937642417218975,Screen recording 1,,,,,Screen recording 1,,,,,,,,,,,,,,,,,,,,,15.0,1000014.0,100.05468821208609,1757412894014.0002,2786.0,4089.089755694503,2270.0,1819.4962099398495,50788.0,6452.278453414604,5.0788,50202.0,6148.139980891239,5.0202,,100.0,,
16.0,0.11718902589877472,Screen recording 1,,,,,Screen recording 1,,,,,,,,,,,,,,,,,,,,,16.0,1000015.0,100.05859451294938,1757412894015.0002,2735.0,4039.1309601045177,2432.0,1803.5204898113072,50117.0,6336.882984130455,5.0117,49803.0,6451.939009656864,4.9803,,100.0,,
17.0,0.1250016276253597,Screen recording 1,,,,,Screen recording 1,,,,,,,,,,,,,,,,,,,,,17.0,1000016.0,100.06250081381268,1757412894016.0002,2732.0,4088.656199458742,2103.0,1844.5401306501628,49555.0,6178.090558622933,4.9555,49663.0,6490.921754694071,4.9663,,100.0,,
18.0,0.1328142293519447,Screen recording 1,,,,,Screen recording 1,,,,,,,,,,,,,,,,,,,,,18.0,1000017.0,100.06640711467597,1757412894017.0002,2896.0,4045.298189167691,2545.0,1940.9689076759687,50416.0,6433.630472948537,5.0416,49919.0,6261.063798711794,4.9919,,100.0,,
19.0,0.1406268310785297,Screen recording 1,,,,,Screen recording 1,,,,,,,,,,,,,,,,,,,,,19.0,1000018.0,100.07031341553926,1757412894018.0002,2887.0,4005.885178928341,2651.0,1939.826297914624,49652.0,6424.017303979317,4.9652,49374.0,6272.489831976532,4.9374,,100.0,,
20.0,0.14843943280511465,Screen recording 1,,,,,Screen recording 1,,,,,,,,,,,,,,,,,,,,,20.0,1000019.0,100.07421971640255,1757412894019.0002,2867.0,4028.463025647523,2879.0,1931.935204603641,49447.0,6277.7927864909625,4.9447,49633.0,6054.409088080771,4.9633,,100.0,,
21.0,0.15625203453169964,Screen recording 1,,,,,Screen recording 1,,,,,,,,,,,,,,,,,,,,,21.0,1000020.0,100.07812601726584,1757412894020.0002,2767.0,4024.2209599085822,2184.0,1904.2271805887938,50144.0,6197.502141212478,5.0144,50293.0,6424.800817707115,5.0293,,100.0,,
22.0,0.16406463625828463,Screen recording 1,,,,,Screen recording 1,,,,,,,,,,,,,,,,,,,,,22.0,1000021.0,100.08203231812914,1757412894021.0002,2808.0,4073.0933131809825,2395.0,1807.2792562869354,50401.0,6402.777914054689,5.0401,49938.0,6222.400182363981,4.9938,,100.0,,
23.0,0.1718772379848696,Screen recording 1,,,,,Screen recording 1,,,,,,,,,,,,,,,,,,,,,23.0,1000022.0,100.08593861899243,1757412894022.0002,2866.0,4056.6420128410437,2435.0,1888.4064048826615,49407.0,6371.705969963958,4.9407,50510.0,6093.966200452217,5.051,,100.0,,
24.0,0.17968983971145458,Screen recording 1,,,,,Screen recording 1,,,,,,,,,,,,,,,,,,,,,24.0,1000023.0,100.08984491985572,1757412894023.0002,2897.0,4039.7246636448463,2847.0,1899.8684544819853,49292.0,6246.621014693566,4.9292,49572.0,6253.31328968816,4.9572,,100.0,,
25.0,0.18750244143803957,Screen recording 1,,,,,Screen recording 1,,,,,,,,,,,,,,,,,,,,,25.0,1000024.0,100.09375122071901,1757412894024.0002,2738.0,4062.292798379277,2980.0,1990.8547367232416,50729.0,6127.132618693549,5.0729,49026.0,6180.724191639994,4.9026,,100.0,,
26.0,0.19531504316462456,Screen recording 1,,,,,Screen recording 1,,,,,,,,,,,,,,,,,,,,,26.0,1000025.0,100.0976575215823,1757412894025.0002,2744.0,4020.447571450098,2912.0,1866.0692508027148,51197.0,6207.2336972671255,5.1197,49998.0,6233.88371441854,4.9998,,100.0,,
27.0,0.20312764489120955,Screen recording 1,,,,,Screen recording 1,,,,,,,,,,,,,,,,,,,,,27.0,1000026.0,100.1015638224456,1757412894026.0002,2813.0,4005.0516931741454,2019.0,1841.7182384260318,50978.0,6273.454118342907,5.0978,50055.0,6298.362818679273,5.0055,,100.0,,
28.0,0.2109402466177945,Screen recording 1,,,,,Screen recording 1,,,,,,,,,,,,,,,,,,,,,28.0,1000027.0,100.10547012330889,1757412894027.0002,2868.0,4028.270662937078,2173.0,1893.8487306401503,49899.0,6046.483441124284,4.9899,49576.0,6062.470170048246,4.9576,,100.0,,
29.0,0.2187528483443795,Screen recording 1,,,,,Screen recording 1,,,,,,,,,,,,,,,,,,,,,29.0,1000028.0,100.10937642417218,1757412894028.0002,2758.0,4004.3388347061127,2745.0,1867.8021809138281,50390.0,6070.982275349695,5.039,50135.0,6418.131248318015,5.0135,,100.0,,
30.0,0.22656545007096449,Screen recording 1,,,,,Screen recording 1,,,,,,,,,,,,,,,,,,,,,30.0,1000029.0,100.11328272503549,1757412894029.0005,2724.0,4000.178709712756,2594.0,1854.821507295621,49997.0,6482.210403957043,4.9997,49965.0,6119.518538967605,4.9965,,100.0,,
31.0,0.23437805179754945,Screen recording 1,,,,,Screen recording 1,,,,,,,,,,,,,,,,,,,,,31.0,1000030.0,100.11718902589878,1757412894030.0005,2772.0,4028.8683518490466,2867.0,1979.2880046845953,50350.0,6305.665695556065,5.035,49915.0,6181.7433700315405,4.9915,,100.0,,
32.0,0.24219065352413444,Screen recording 1,,,,,Screen recording 1,,,,,,,,,,,,,,,,,,,,,32.0,1000031.0,100.12109532676207,1757412894031.0005,2847.0,4009.1585921160463,2410.0,1877.8673477008435,49109.0,6084.925125320092,4.9109,50381.0,6258.687075844405,5.0381,,100.0,,
33.0,0.2500032552507194,Screen recording 1,,,,,Screen recording 1,,,,,,,,,,,,,,,,,,,,,33.0,1000032.0,100.12500162762537,1757412894032.0005,2895.0,4009.411219742883,2511.0,1951.0706547767986,49525.0,6014.001382651063,4.9525,49771.0,6179.350919731394,4.9771,,100.0,,
34.0,0.2578158569773044,Screen recording 1,,,,,Screen recording 1,,,,,,,,,,,,,,,,,,,,,34.0,1000033.0,100.12890792848866,1757412894033.0005,2880.0,4088.6034499465545,2996.0,1805.3407696734237,50471.0,6007.25414794447,5.0471,49837.0,6484.969775758108,4.9837,,100.0,,
35.0,0.2656284587038894,Screen recording 1,,,,,Screen recording 1,,,,,,,,,,,,,,,,,,,,,35.0,1000034.0,100.13281422935195,1757412894034.0005,2824.0,4077.6838813919353,2461.0,1946.9520077172135,49214.0,6019.187949958471,4.9214,49862.0,6175.554565646055,4.9862,,100.0,,
36.0,0.2734410604304744,Screen recording 1,,,,,Screen recording 1,,,,,,,,,,,,,,,,,,,,,36.0,1000035.0,100.13672053021524,1757412894035.0005,2890.0,4018.978254750251,2772.0,1815.0303227671654,49402.0,6463.7177234812225,4.9402,49500.0,6003.3075851552585,4.95,,100.0,,
37.0,0.2812536621570594,Screen recording 1,,,,,Screen recording 1,,,,,,,,,,,,,,,,,,,,,37.0,1000036.0,100.14062683107854,1757412894036.0005,2711.0,4063.394525409704,2263.0,1846.4221654605376,49997.0,6221.627033230506,4.9997,49356.0,6415.3769994511995,4.9356,,100.0,,
38.0,0.2890662638836443,Screen recording 1,,,,,Screen recording 1,,,,,,,,,,,,,,,,,,,,,38.0,1000037.0,100.14453313194183,1757412894037.0005,2852.0,4053.839096232223,2702.0,1996.662221201518,49979.0,6228.727478346771,4.9979,50272.0,6422.653747185649,5.0272,,100.0,,
39.0,0.2968788656102293,Screen recording 1,,,,,Screen recording 1,,,,,,,,,,,,,,,,,,,,,39.0,1000038.0,100.14843943280512,1757412894038.0005,2774.0,4029.2294728282914,2545.0,1955.4975067413664,49830.0,6151.664517438054,4.983,50518.0,6438.927975640974,5.0518,,100.0,,
40.0,0.3046914673368143,Screen recording 1,,,,,Screen recording 1,,,,,,,,,,,,,,,,,,,,,40.0,1000039.0,100.15234573366841,1757412894039.0005,2833.0,4096.952550380395,2805.0,1897.9023702327231,50483.0,6321.240356721808,5.0483,49691.0,6041.0218842252,4.9691,,100.0,,
41.0,0.3125040690633993,Screen recording 1,,,,,Screen recording 1,,,,,,,,,,,,,,,,,,,,,41.0,1000040.0,100.1562520345317,1757412894040.0005,2820.0,4032.6955158081137,2320.0,1836.7199877387266,50683.0,6056.656347345724,5.0683,50461.0,6344.7110406899,5.0461,,100.0,,
42.0,0.32031667078998427,Screen recording 1,,,,,Screen recording 1,,,,,,,,,,,,,,,,,,,,,42.0,1000041.0,100.160158335395,1757412894041.0005,2798.0,4025.0849140786613,2942.0,1812.642144022576,50393.0,6242.4489113092695,5.0393,49616.0,6073.921742682587,4.9616,,100.0,,
43.0,0.32812927251656926,Screen recording 1,,,,,Screen recording 1,,,,,,,,,,,,,,,,,,,,,43.0,1000042.0,100.16406463625829,1757412894042.0005,2838.0,4004.2849144259435,2345.0,1859.1999207358128,49574.0,6218.6293711533835,4.9574,50041.0,6296.748469129273,5.0041,,100.0,,
44.0,0.33594187424315425,Screen recording 1,,,,,Screen recording 1,,,,,,,,,,,,,,,,,,,,,44.0,1000043.0,100.16797093712158,1757412894043.0005,2850.0,4016.2662547409545,2989.0,1822.5269003022142,50798.0,6174.434387451011,5.0798,49474.0,6065.311681867698,4.9474,,100.0,,
45.0,0.3437544759697392,Screen recording 1,,,,,Screen recording 1,,,,,,,,,,,,,,,,,,,,,45.0,1000044.0,100.17187723798487,1757412894044.0005,2822.0,4042.9163877495544,2011.0,1899.6166883278115,50580.0,6390.077102528455,5.058,49692.0,6335.715548685522,4.9692,,100.0,,
46.0,0.35156707769632417,Screen recording 1,,,,,Screen recording 1,,,,,,,,,,,,,,,,,,,,,46.0,1000045.0,100.17578353884817,1757412894045.0005,2863.0,4072.5406009660146,2444.0,1930.6656674528663,49610.0,6381.286331986518,4.961,49581.0,6320.128725117716,4.9581,,100.0,,
47.0,0.35937967942290916,Screen recording 1,,,,,Screen recording 1,,,,,,,,,,,,,,,,,,,,,47.0,1000046.0,100.17968983971146,1757412894046.0005,2870.0,4089.9609085138572,2909.0,1903.676992349724,50443.0,6189.344899742791,5.0443,50936.0,6159.82872403022,5.0936,,100.0,,
48.0,0.36719228114949415,Screen recording 1,,,,,Screen recording 1,,,,,,,,,,,,,,,,,,,,,48.0,1000047.0,100.18359614057475,1757412894047.0007,2781.0,4071.751243888152,2983.0,1872.8071152380337,50213.0,6281.994212786103,5.0213,48896.0,6073.105553865703,4.8896,,100.0,,
49.0,0.37500488287607914,Screen recording 1,,,,,Screen recording 1,,,,,,,,,,,,,,,,,,,,,49.0,1000048.0,100.18750244143804,1757412894048.0007,2872.0,4071.6388647959034,2944.0,1805.5246172309808,50219.0,6193.3460691372675,5.0219,50177.0,6152.73451036892,5.0177,,100.0,,
50.0,0.3828174846026641,Screen recording 1,,,,,Screen recording 1,,,,,,,,,,,,,,,,,,,,,50.0,1000049.0,100.19140874230133,1757412894049.0007,2716.0,4065.1179183902186,2467.0,1914.8156384971242,50037.0,6059.186462282631,5.0037,49623.0,6398.9331353735615,4.9623,,100.0,,
51.0,0.3906300863292491,Screen recording 1,,,,,Screen recording 1,,,,,,,,,,,,,,,,,,,,,51.0,1000050.0,100.19531504316463,1757412894050.0007,2706.0,4023.341873445923,2902.0,1927.6226645214429,50051.0,6041.756226971391,5.0051,50351.0,6064.1382545812585,5.0351,,100.0,,
52.0,0.3984426880558341,Screen recording 1,,,,,Screen recording 1,,,,,,,,,,,,,,,,,,,,,52.0,1000051.0,100.19922134402792,1757412894051.0007,2789.0,4045.949326261657,2385.0,1838.9974350190569,51293.0,6174.3509729179705,5.1293,50630.0,6123.6447153678955,5.063,,100.0,,
53.0,0.4062552897824191,Screen recording 1,,,,,Screen recording 1,,,,,,,,,,,,,,,,,,,,,53.0,1000052.0,100.20312764489121,1757412894052.0007,2702.0,4092.4794140813874,2075.0,1968.0624029325677,49572.0,6186.2132706466255,4.9572,50021.0,6154.426658779707,5.0021,,100.0,,
54.0,0.414067891509004,Screen recording 1,,,,,Screen recording 1,,,,,,,,,,,,,,,,,,,,,54.0,1000053.0,100.2070339457545,1757412894053.0007,2853.0,4086.431402349346,2044.0,1817.3151687455359,49498.0,6005.833633750263,4.9498,50104.0,6094.530822561367,5.0104,,100.0,,
55.0,0.421880493235589,Screen recording 1,,,,,Screen recording 1,,,,,,,,,,,,,,,,,,,,,55.0,1000054.0,100.2109402466178,1757412894054.0007,2865.0,4057.229469118262,2687.0,1813.7245094127904,49388.0,6085.64316840769,4.9388,50403.0,6052.720240598753,5.0403,,100.0,,
56.0,0.429693094962174,Screen recording 1,,,,,Screen recording 1,,,,,,,,,,,,,,,,,,,,,56.0,1000055.0,100.21484654748109,1757412894055.0007,2877.0,4018.4427070738716,2201.0,1926.8568282517324,50298.0,6280.885210329179,5.0298,50927.0,6466.713162410774,5.0927,,100.0,,
57.0,0.437505696688759,Screen recording 1,,,,,Screen recording 1,,,,,,,,,,,,,,,,,,,,,57.0,1000056.0,100.21875284834438,1757412894056.0007,2756.0,4028.0475849087725,2048.0,1825.1940176714152,50428.0,6186.635416651358,5.0428,50561.0,6479.537393558659,5.0561,,100.0,,
58.0,0.445318298415344,Screen recording 1,,,,,Screen recording 1,,,,,,,,,,,,,,,,,,,,,58.0,1000057.0,100.22265914920767,1757412894057.0007,2762.0,4089.5473649203577,2848.0,1831.8988485026564,50383.0,6233.642646355331,5.0383,50234.0,6353.324084697041,5.0234,,100.0,,
59.0,0.45313090014192897,Screen recording 1,,,,,Screen recording 1,,,,,,,,,,,,,,,,,,,,,59.0,1000058.0,100.22656545007096,1757412894058.0007,2703.0,4053.5435553675725,2059.0,1882.8593563316429,50091.0,6433.909585866222,5.0091,49771.0,6329.405152149129,4.9771,,100.0,,
60.0,0.46094350186851396,Screen recording 1,,,,,Screen recording 1,,,,,,,,,,,,,,,,,,,,,60.0,1000059.0,100.23047175093426,1757412894059.0007,2857.0,4071.787972497823,2464.0,1924.1998064382537,49867.0,6375.370201051247,4.9867,50735.0,6432.978683512668,5.0735,,100.0,,
61.0,0.4687561035950989,Screen recording 1,,,,,Screen recording 1,,,,,,,,,,,,,,,,,,,,,61.0,1000060.0,100.23437805179755,1757412894060.0007,2864.0,4054.2775986207434,2169.0,1853.330293703307,51229.0,6164.322098337657,5.1229,50950.0,6237.934304623525,5.095,,100.0,,
62.0,0.4765687053216839,Screen recording 1,,,,,Screen recording 1,,,,,,,,,,,,,,,,,,,,,62.0,1000061.0,100.23828435266084,1757412894061.0007,2787.0,4088.24968294427,2114.0,1877.339956479895,49829.0,6494.439708136858,4.9829,50033.0,6301.865970807264,5.0033,,100.0,,
63.0,0.48438130704826887,Screen recording 1,,,,,Screen recording 1,,,,,,,,,,,,,,,,,,,,,63.0,1000062.0,100.24219065352413,1757412894062.0007,2745.0,4006.6995735142877,2927.0,1955.895688650827,50063.0,6451.136416441715,5.0063,49442.0,6231.089142664233,4.9442,,100.0,,
64.0,0.49219390877485386,Screen recording 1,,,,,Screen recording 1,,,,,,,,,,,,,,,,,,,,,64.0,1000063.0,100.24609695438743,1757412894063.0007,2778.0,4054.8535481097797,2561.0,1937.0100637536452,50375.0,6385.043091262302,5.0375,49542.0,6293.307374659355,4.9542,,100.0,,
65.0,0.5000065105014389,Screen recording 1,,,,,Screen recording 1,,,,,,,,,,,,,,,,,,,,,65.0,1000064.0,100.25000325525072,1757412894064.0007,2835.0,4008.7956405112877,2702.0,1835.2912959755197,49808.0,6119.321502713936,4.9808,50044.0,6176.146091728486,5.0044,,100.0,,
66.0,0.5078191122280238,Screen recording 1,,,,,Screen recording 1,,,,,,,,,,,,,,,,,,,,,66.0,1000065.0,100.25390955611401,1757412894065.0007,2871.0,4097.503202808974,2336.0,1917.7059449977519,49489.0,6205.808299562943,4.9489,49667.0,6125.037412755557,4.9667,,100.0,,
67.0,0.5156317139546088,Screen recording 1,,,,,Screen recording 1,,,,,,,,,,,,,,,,,,,,,67.0,1000066.0,100.2578158569773,1757412894066.001,2810.0,4055.9067913610706,2227.0,1917.7922192742612,50866.0,6006.456046433923,5.0866,49820.0,6423.366397743541,4.982,,100.0,,
68.0,0.5234443156811938,Screen recording 1,,,,,Screen recording 1,,,,,,,,,,,,,,,,,,,,,68.0,1000067.0,100.2617221578406,1757412894067.001,2746.0,4043.0870938096077,2365.0,1844.5359207271817,50483.0,6028.223605093581,5.0483,50301.0,6447.916692118134,5.0301,,100.0,,
69.0,0.5312569174077788,Screen recording 1,,,,,Screen recording 1,,,,,,,,,,,,,,,,,,,,,69.0,1000068.0,100.26562845870389,1757412894068.001,2741.0,4024.907142657456,2119.0,1968.0092930713568,49758.0,6422.563297221814,4.9758,48992.0,6268.826059666443,4.8992,,100.0,,
70.0,0.5390695191343637,Screen recording 1,,,,,Screen recording 1,,,,,,,,,,,,,,,,,,,,,70.0,1000069.0,100.26953475956718,1757412894069.001,2874.0,4022.1006080632606,2634.0,1930.5982831319739,49337.0,6426.503057217217,4.9337,50679.0,6455.829464767833,5.0679,,100.0,,
71.0,0.5468821208609488,Screen recording 1,,,,,Screen recording 1,,,,,,,,,,,,,,,,,,,,,71.0,1000070.0,100.27344106043047,1757412894070.001,2747.0,4089.5856983661697,2218.0,1900.9459884781884,49890.0,6111.417566253071,4.989,49616.0,6156.7551119955715,4.9616,,100.0,,
72.0,0.5546947225875337,Screen recording 1,,,,,Screen recording 1,,,,,,,,,,,,,,,,,,,,,72.0,1000071.0,100.27734736129376,1757412894071.001,2723.0,4004.3995082881765,2742.0,1879.3989932774416,50302.0,6444.21382791217,5.0302,50340.0,6161.284151824234,5.034,,100.0,,
73.0,0.5625073243141188,Screen recording 1,,,,,Screen recording 1,,,,,,,,,,,,,,,,,,,,,73.0,1000072.0,100.28125366215706,1757412894072.001,2716.0,4038.707469073847,2397.0,1917.1912700793464,50290.0,6143.859730355765,5.029,49803.0,6058.175076670282,4.9803,,100.0,,
74.0,0.5703199260407037,Screen recording 1,,,,,Screen recording 1,,,,,,,,,,,,,,,,,,,,,74.0,1000073.0,100.28515996302035,1757412894073.001,2855.0,4070.7505789091215,2796.0,1970.8667574256021,49976.0,6204.741461646546,4.9976,50436.0,6026.860185057574,5.0436,,100.0,,
75.0,0.5781325277672886,Screen recording 1,,,,,Screen recording 1,,,,,,,,,,,,,,,,,,,,,75.0,1000074.0,100.28906626388364,1757412894074.001,2861.0,4055.0016206193286,2484.0,1867.841450596175,50146.0,6062.383145133053,5.0146,50097.0,6138.943694566995,5.0097,,100.0,,
76.0,0.5859451294938737,Screen recording 1,,,,,Screen recording 1,,,,,,,,,,,,,,,,,,,,,76.0,1000075.0,100.29297256474693,1757412894075.001,2816.0,4077.64358189931,2501.0,1893.8248712768564,51484.0,6036.779546194161,5.1484,49485.0,6250.380469937071,4.9485,,100.0,,
77.0,0.5937577312204586,Screen recording 1,,,,,Screen recording 1,,,,,,,,,,,,,,,,,,,,,77.0,1000076.0,100.29687886561022,1757412894076.001,2721.0,4085.870356158115,2411.0,1853.0613414264024,50103.0,6358.474687050951,5.0103,49495.0,6236.775210402891,4.9495,,100.0,,
78.0,0.6015703329470437,Screen recording 1,,,,,Screen recording 1,,,,,,,,,,,,,,,,,,,,,78.0,1000077.0,100.30078516647352,1757412894077.001,2814.0,4042.8927346019204,2956.0,1981.4415485309478,48593.0,6316.154901439602,4.8593,49599.0,6030.651760712349,4.9599,,100.0,,
79.0,0.6093829346736286,Screen recording 1,,,,,Screen recording 1,,,,,,,,,,,,,,,,,,,,,79.0,1000078.0,100.30469146733681,1757412894078.001,2865.0,4019.7168294819567,2913.0,1948.9345570123742,51818.0,6378.566038812916,5.1818,49716.0,6069.438195960636,4.9716,,100.0,,
80.0,0.6171955364002136,Screen recording 1,,,,,Screen recording 1,,,,,,,,,,,,,,,,,,,,,80.0,1000079.0,100.3085977682001,1757412894079.001,2734.0,4015.183663943322,2756.0,1805.3568232865437,49306.0,6041.118226853264,4.9306,50725.0,6475.600295868627,5.0725,,100.0,,
81.0,0.6250081381267986,Screen recording 1,,,,,Screen recording 1,,,,,,,,,,,,,,,,,,,,,81.0,1000080.0,100.3125040690634,1757412894080.001,2733.0,4048.5927418378546,2294.0,1809.6432031776571,50072.0,6064.620664479749,5.0072,50340.0,6088.47187649141,5.034,,100.0,,
82.0,0.6328207398533835,Screen recording 1,,,,,Screen recording 1,,,,,,,,,,,,,,,,,,,,,82.0,1000081.0,100.31641036992669,1757412894081.001,2792.0,4069.5419605650522,2607.0,1949.784779602697,49599.0,6345.818792913997,4.9599,50364.0,6033.874382408695,5.0364,,100.0,,
83.0,0.6406333415799685,Screen recording 1,,,,,Screen recording 1,,,,,,,,,,,,,,,,,,,,,83.0,1000082.0,100.32031667078998,1757412894082.001,2835.0,4068.9818200518494,2955.0,1959.8038531901739,49872.0,6414.962193615548,4.9872,49821.0,6399.084672966003,4.9821,,100.0,,
84.0,0.6484459433065535,Screen recording 1,,,,,Screen recording 1,,,,,,,,,,,,,,,,,,,,,84.0,1000083.0,100.32422297165327,1757412894083.001,2781.0,4037.953924513292,2207.0,1853.4883444394327,50632.0,6297.700867916782,5.0632,49787.0,6306.07290456283,4.9787,,100.0,,
85.0,0.6562585450331385,Screen recording 1,,,,,Screen recording 1,,,,,,,,,,,,,,,,,,,,,85.0,1000084.0,100.32812927251656,1757412894084.001,2706.0,4026.195380700515,2639.0,1839.1120558639286,49841.0,6416.3933203300685,4.9841,49921.0,6123.021400262862,4.9921,,100.0,,
86.0,0.6640711467597235,Screen recording 1,,,,,Screen recording 1,,,,,,,,,,,,,,,,,,,,,86.0,1000085.0,100.33203557337986,1757412894085.0012,2749.0,4016.9981076990457,2490.0,1800.4827964194237,50144.0,6179.800736072797,5.0144,49986.0,6234.377969020646,4.9986,,100.0,,
87.0,0.6718837484863085,Screen recording 1,,,,,Screen recording 1,,,,,,,,,,,,,,,,,,,,,87.0,1000086.0,100.33594187424315,1757412894086.0012,2773.0,4047.368144217063,2627.0,1894.422185407851,49895.0,6422.506195673159,4.9895,49764.0,6100.4797725139,4.9764,,100.0,,
88.0,0.6796963502128934,Screen recording 1,,,,,Screen recording 1,,,,,,,,,,,,,,,,,,,,,88.0,1000087.0,100.33984817510645,1757412894087.0012,2763.0,4062.5795014857067,2625.0,1913.041663234001,49148.0,6149.4429100013085,4.9148,50173.0,6481.192900618294,5.0173,,100.0,,
89.0,0.6875089519394784,Screen recording 1,,,,,Screen recording 1,,,,,,,,,,,,,,,,,,,,,89.0,1000088.0,100.34375447596975,1757412894088.0012,2703.0,4092.7933057315167,2996.0,1912.9750804585378,49955.0,6219.661261989748,4.9955,49583.0,6095.4254699051235,4.9583,,100.0,,
90.0,0.6953215536660634,Screen recording 1,,,,,Screen recording 1,,,,,,,,,,,,,,,,,,,,,90.0,1000089.0,100.34766077683304,1757412894089.0012,2782.0,4059.2211567160757,2498.0,1989.3804340195454,49935.0,6214.15876993922,4.9935,49787.0,6258.189172233278,4.9787,,100.0,,
91.0,0.7031341553926483,Screen recording 1,,,,,Screen recording 1,,,,,,,,,,,,,,,,,,,,,91.0,1000090.0,100.35156707769633,1757412894090.0012,2891.0,4047.7466972395328,2391.0,1914.1354069431075,50232.0,6444.083748545257,5.0232,50331.0,6043.028373316008,5.0331,,100.0,,
92.0,0.7109467571192334,Screen recording 1,,,,,Screen recording 1,,,,,,,,,,,,,,,,,,,,,92.0,1000091.0,100.35547337855962,1757412894091.0012,2803.0,4023.906445178359,2546.0,1940.9663441345306,49789.0,6124.398441182926,4.9789,49655.0,6460.167715682019,4.9655,,100.0,,
93.0,0.7187593588458183,Screen recording 1,,,,,Screen recording 1,,,,,,,,,,,,,,,,,,,,,93.0,1000092.0,100.35937967942291,1757412894092.0012,2727.0,4099.7481298273415,2673.0,1901.7322484878205,50474.0,6441.755793289596,5.0474,49743.0,6413.588259310001,4.9743,,100.0,,
94.0,0.7265719605724034,Screen recording 1,,,,,Screen recording 1,,,,,,,,,,,,,,,,,,,,,94.0,1000093.0,100.36328598028621,1757412894093.0012,2897.0,4047.862548083704,2210.0,1953.2502346047431,50097.0,6006.148995690788,5.0097,49719.0,6393.524329062028,4.9719,,100.0,,
95.0,0.7343845622989883,Screen recording 1,,,,,Screen recording 1,,,,,,,,,,,,,,,,,,,,,95.0,1000094.0,100.3671922811495,1757412894094.0012,2866.0,4060.5892588171005,2904.0,1909.7465749793637,51212.0,6174.65916463263,5.1212,49889.0,6177.82004767326,4.9889,,100.0,,
96.0,0.7421971640255733,Screen recording 1,,,,,Screen recording 1,,,,,,,,,,,,,,,,,,,,,96.0,1000095.0,100.37109858201279,1757412894095.0012,2808.0,4077.460405481208,2917.0,1904.307038314076,49556.0,6070.242385000366,4.9556,50719.0,6246.20444014776,5.0719,,100.0,,
97.0,0.7500097657521583,Screen recording 1,,,,,Screen recording 1,,,,,,,,,,,,,,,,,,,,,97.0,1000096.0,100.37500488287608,1757412894096.0012,2736.0,4079.2355309583136,2373.0,1827.4634182785821,50187.0,6216.1516914118,5.0187,49623.0,6443.871593610263,4.9623,,100.0,,
98.0,0.7578223674787432,Screen recording 1,,,,,Screen recording 1,,,,,,,,,,,,,,,,,,,,,98.0,1000097.0,100.37891118373938,1757412894097.0012,2720.0,4030.197844999785,2717.0,1848.305950116501,49816.0,6494.3574041793645,4.9816,50661.0,6083.243907257857,5.0661,,100.0,,
99.0,0.7656349692053283,Screen recording 1,,,,,Screen recording 1,,,,,,,,,,,,,,,,,,,,,99.0,1000098.0,100.38281748460267,1757412894098.0012,2824.0,4021.06838685437,2690.0,1918.740840512222,50233.0,6151.3685444656785,5.0233,49551.0,6211.448321423382,4.9551,,100.0,,
100.0,0.7734475709319132,Screen recording 1,,,,,Screen recording 1,,,,,,,,,,,,,,,,,,,,,100.0,1000099.0,100.38672378546596,1757412894099.0012,2832.0,4044.202791746748,2006.0,1974.0929178802862,49549.0,6476.291858155006,4.9549,50972.0,6302.054611896938,5.0972,,100.0,,
101.0,0.7812601726584982,Screen recording 1,,,,,Screen recording 1,,,,,,,,,,,,,,,,,,,,,101.0,1000100.0,100.39063008632925,1757412894100.0012,2732.0,4019.0450905047715,2227.0,1944.0383369455349,49918.0,6218.063925840144,4.9918,49924.0,6095.482788112951,4.9924,,100.0,,
102.0,0.7890727743850832,Screen recording 1,,,,,Screen recording 1,,,,,,,,,,,,,,,,,,,,,102.0,1000101.0,100.39453638719255,1757412894101.0012,2721.0,4011.6281634163365,2318.0,1963.8013587212963,49891.0,6199.346059439574,4.9891,50465.0,6304.574450545406,5.0465,,100.0,,
103.0,0.7968853761116682,Screen recording 1,,,,,Screen recording 1,,,,,,,,,,,,,,,,,,,,,103.0,1000102.0,100.39844268805584,1757412894102.0012,2856.0,4085.4575752688975,2259.0,1998.7342974628573,50429.0,6489.913835327052,5.0429,49584.0,6442.814273408811,4.9584,,100.0,,
104.0,0.8046979778382531,Screen recording 1,,,,,Screen recording 1,,,,,,,,,,,,,,,,,,,,,104.0,1000103.0,100.40234898891913,1757412894103.0012,2835.0,4000.055121709111,2001.0,1865.861573986735,51108.0,6334.9788325233085,5.1108,50389.0,6084.286892230989,5.0389,,100.0,,
105.0,0.8125105795648382,Screen recording 1,,,,,Screen recording 1,,,,,,,,,,,,,,,,,,,,,105.0,1000104.0,100.40625528978242,1757412894104.0015,2850.0,4050.3004183409325,2673.0,1830.6096867169126,50378.0,6375.060340386859,5.0378,50488.0,6103.819507726805,5.0488,,100.0,,
106.0,0.8203231812914231,Screen recording 1,,,,,Screen recording 1,,,,,,,,,,,,,,,,,,,,,106.0,1000105.0,100.41016159064571,1757412894105.0015,2765.0,4057.615639631083,2554.0,1824.8460823873902,49175.0,6039.808168313822,4.9175,50519.0,6366.437100213996,5.0519,,100.0,,
107.0,0.828135783018008,Screen recording 1,,,,,Screen recording 1,,,,,,,,,,,,,,,,,,,,,107.0,1000106.0,100.414067891509,1757412894106.0015,2861.0,4081.9531795746125,2529.0,1805.2482520094597,48977.0,6316.083263415473,4.8977,50795.0,6087.70099172946,5.0795,,100.0,,
108.0,0.8359483847445931,Screen recording 1,,,,,Screen recording 1,,,,,,,,,,,,,,,,,,,,,108.0,1000107.0,100.4179741923723,1757412894107.0015,2737.0,4032.140920327792,2903.0,1949.119217380686,50440.0,6497.718983722449,5.044,49087.0,6061.459443391807,4.9087,,100.0,,
109.0,0.843760986471178,Screen recording 1,,,,,Screen recording 1,,,,,,,,,,,,,,,,,,,,,109.0,1000108.0,100.42188049323559,1757412894108.0015,2756.0,4046.3507033569886,2905.0,1899.3598787663166,50531.0,6251.886436981482,5.0531,49521.0,6171.776524424952,4.9521,,100.0,,
110.0,0.8515735881977631,Screen recording 1,,,,,Screen recording 1,,,,,,,,,,,,,,,,,,,,,110.0,1000109.0,100.42578679409888,1757412894109.0015,2832.0,4095.595096942431,2391.0,1861.4603524488068,49523.0,6289.222523060466,4.9523,50098.0,6205.077243935163,5.0098,,100.0,,
111.0,0.859386189924348,Screen recording 1,,,,,Screen recording 1,,,,,,,,,,,,,,,,,,,,,111.0,1000110.0,100.42969309496218,1757412894110.0015,2771.0,4042.323533970279,2402.0,1905.4996463519644,49941.0,6184.736991522661,4.9941,49611.0,6016.492007298404,4.9611,,100.0,,
112.0,0.867198791650933,Screen recording 1,,,,,Screen recording 1,,,,,,,,,,,,,,,,,,,,,112.0,1000111.0,100.43359939582547,1757412894111.0015,2812.0,4035.335200966748,2667.0,1990.2286963546376,50629.0,6494.050053067463,5.0629,49805.0,6395.238987167958,4.9805,,100.0,,
113.0,0.875011393377518,Screen recording 1,,,,,Screen recording 1,,,,,,,,,,,,,,,,,,,,,113.0,1000112.0,100.43750569668876,1757412894112.0015,2878.0,4081.3297951015647,2316.0,1889.6296869211853,49640.0,6466.446611067937,4.964,50380.0,6430.9221019149945,5.038,,100.0,,
114.0,0.8828239951041029,Screen recording 1,,,,,Screen recording 1,,,,,,,,,,,,,,,,,,,,,114.0,1000113.0,100.44141199755205,1757412894113.0015,2751.0,4037.8005031348334,2862.0,1816.3803489495072,49628.0,6267.9709872748945,4.9628,49884.0,6343.8753641554995,4.9884,,100.0,,
115.0,0.890636596830688,Screen recording 1,,,,,Screen recording 1,,,,,,,,,,,,,,,,,,,,,115.0,1000114.0,100.44531829841534,1757412894114.0015,2807.0,4002.260119313082,2285.0,1997.3069156142988,49269.0,6018.529207154597,4.9269,50348.0,6176.400334851195,5.0348,,100.0,,
116.0,0.8984491985572729,Screen recording 1,,,,,Screen recording 1,,,,,,,,,,,,,,,,,,,,,116.0,1000115.0,100.44922459927864,1757412894115.0015,2726.0,4064.178261137268,2942.0,1896.381111689774,51624.0,6011.287846568987,5.1624,50113.0,6394.28486654432,5.0113,,100.0,,
117.0,0.9062618002838579,Screen recording 1,,,,,Screen recording 1,,,,,,,,,,,,,,,,,,,,,117.0,1000116.0,100.45313090014193,1757412894116.0015,2738.0,4017.4706299892787,2269.0,1947.433094426069,49896.0,6306.497062506058,4.9896,49918.0,6172.619887287781,4.9918,,100.0,,
118.0,0.9140744020104429,Screen recording 1,,,,,Screen recording 1,,,,,,,,,,,,,,,,,,,,,118.0,1000117.0,100.45703720100522,1757412894117.0015,2865.0,4098.851547481303,2329.0,1960.859161855211,50291.0,6384.892864611339,5.0291,49812.0,6054.851904351056,4.9812,,100.0,,
119.0,0.9218870037370279,Screen recording 1,,,,,Screen recording 1,,,,,,,,,,,,,,,,,,,,,119.0,1000118.0,100.46094350186851,1757412894118.0015,2760.0,4035.192618821131,2670.0,1901.7374728155844,50402.0,6280.189267007683,5.0402,50443.0,6325.089035355289,5.0443,,100.0,,
120.0,0.9296996054636129,Screen recording 1,,,,,Screen recording 1,,,,,,,,,,,,,,,,,,,,,120.0,1000119.0,100.4648498027318,1757412894119.0015,2753.0,4054.017529719372,2734.0,1876.6793403761576,50021.0,6109.357766894881,5.0021,50220.0,6407.464230141069,5.022,,100.0,,
121.0,0.9375122071901978,Screen recording 1,,,,,Screen recording 1,,,,,,,,,,,,,,,,,,,,,121.0,1000120.0,100.4687561035951,1757412894120.0015,2859.0,4075.018034058332,2903.0,1934.7122851463528,50352.0,6037.190702623315,5.0352,49918.0,6288.7891926975735,4.9918,,100.0,,
122.0,0.9453248089167828,Screen recording 1,,,,,Screen recording 1,,,,,,,,,,,,,,,,,,,,,122.0,1000121.0,100.47266240445839,1757412894121.0015,2762.0,4035.3016408544368,2169.0,1999.7650406402704,50416.0,6334.489731134061,5.0416,50538.0,6168.981472692646,5.0538,,100.0,,
123.0,0.9531374106433678,Screen recording 1,,,,,Screen recording 1,,,,,,,,,,,,,,,,,,,,,123.0,1000122.0,100.47656870532168,1757412894122.0017,2792.0,4061.260618280367,2925.0,1930.1750553979527,48906.0,6211.322535901541,4.8906,49919.0,6449.561199063784,4.9919,,100.0,,
124.0,0.9609500123699528,Screen recording 1,,,,,Screen recording 1,,,,,,,,,,,,,,,,,,,,,124.0,1000123.0,100.48047500618497,1757412894123.0017,2741.0,4022.1541754079226,2895.0,1989.1677846130706,50982.0,6146.968155288586,5.0982,50702.0,6411.995458201431,5.0702,,100.0,,
125.0,0.9687626140965377,Screen recording 1,,,,,Screen recording 1,,,,,,,,,,,,,,,,,,,,,125.0,1000124.0,100.48438130704827,1757412894124.0017,2861.0,4091.5233776555942,2419.0,1965.3492708182052,49424.0,6465.679964472764,4.9424,49502.0,6411.120816211779,4.9502,,100.0,,
126.0,0.9765752158231228,Screen recording 1,,,,,Screen recording 1,,,,,,,,,,,,,,,,,,,,,126.0,1000125.0,100.48828760791156,1757412894125.0017,2793.0,4019.008860793287,2890.0,1823.0708002384888,49481.0,6426.759792320255,4.9481,50492.0,6396.950602838388,5.0492,,100.0,,
127.0,0.9843878175497077,Screen recording 1,,,,,Screen recording 1,,,,,,,,,,,,,,,,,,,,,127.0,1000126.0,100.49219390877485,1757412894126.0017,2876.0,4065.303444156438,2423.0,1865.0120922779956,50723.0,6205.848350397089,5.0723,50339.0,6319.395340241549,5.0339,,100.0,,
128.0,0.9922004192762928,Screen recording 1,,,,,Screen recording 1,,,,,,,,,,,,,,,,,,,,,128.0,1000127.0,100.49610020963814,1757412894127.0017,2861.0,4066.8792533342958,2728.0,1980.53359982112,50723.0,6328.108029270696,5.0723,48959.0,6324.961473849413,4.8959,,100.0,,
129.0,1.0000130210028777,Screen recording 1,,,,,Screen recording 1,,,,,,,,,,,,,,,,,,,,,129.0,1000128.0,100.50000651050144,1757412894128.0017,2797.0,4033.5052903766104,2362.0,1908.2997393774654,49992.0,6185.107034185958,4.9992,50185.0,6490.197464454631,5.0185,,100.0,,
130.0,1.0078256227294626,Screen recording 1,,,,,Screen recording 1,,,,,,,,,,,,,,,,,,,,,130.0,1000129.0,100.50391281136473,1757412894129.0017,2818.0,4047.4447302414346,2408.0,1861.1811921276246,49559.0,6475.888046602729,4.9559,51539.0,6188.993961061195,5.1539,,100.0,,
131.0,1.0156382244560476,Screen recording 1,,,,,Screen recording 1,,,,,,,,,,,,,,,,,,,,,131.0,1000130.0,100.50781911222802,1757412894130.0017,2827.0,4049.855650125514,2141.0,1962.8899048278195,49893.0,6279.273506906389,4.9893,49245.0,6221.208716974213,4.9245,,100.0,,
132.0,1.0234508261826327,Screen recording 1,,,,,Screen recording 1,,,,,,,,,,,,,,,,,,,,,132.0,1000131.0,100.51172541309131,1757412894131.0017,2706.0,4061.5973748121705,2601.0,1870.962559419431,50083.0,6346.713345832168,5.0083,49786.0,6060.492031779791,4.9786,,100.0,,
133.0,1.0312634279092177,Screen recording 1,,,,,Screen recording 1,,,,,,,,,,,,,,,,,,,,,133.0,1000132.0,100.5156317139546,1757412894132.0017,2898.0,4053.865521776119,2427.0,1824.0999422337493,50540.0,6074.723617602379,5.054,50639.0,6486.804127594131,5.0639,,100.0,,
134.0,1.0390760296358026,Screen recording 1,,,,,Screen recording 1,,,,,,,,,,,,,,,,,,,,,134.0,1000133.0,100.5195380148179,1757412894133.0017,2781.0,4021.0630165710277,2805.0,1806.9432123133852,50067.0,6128.466471690166,5.0067,51579.0,6313.033446225988,5.1579,,100.0,,
135.0,1.0468886313623875,Screen recording 1,,,,,Screen recording 1,,,,,,,,,,,,,,,,,,,,,135.0,1000134.0,100.52344431568119,1757412894134.0017,2734.0,4050.2544879384377,2708.0,1945.9094000729574,49671.0,6263.520626501186,4.9671,50648.0,6239.355171007885,5.0648,,100.0,,
136.0,1.0547012330889727,Screen recording 1,,,,,Screen recording 1,,,,,,,,,,,,,,,,,,,,,136.0,1000135.0,100.52735061654448,1757412894135.0017,2796.0,4051.3572197242815,2339.0,1841.000486126346,50466.0,6254.581497057625,5.0466,50280.0,6381.407754618293,5.028,,100.0,,
137.0,1.0625138348155576,Screen recording 1,,,,,Screen recording 1,,,,,,,,,,,,,,,,,,,,,137.0,1000136.0,100.53125691740777,1757412894136.0017,2864.0,4096.030364876478,2268.0,1985.8721944110173,49288.0,6284.899949106934,4.9288,49917.0,6489.575453260507,4.9917,,100.0,,
138.0,1.0703264365421425,Screen recording 1,,,,,Screen recording 1,,,,,,,,,,,,,,,,,,,,,138.0,1000137.0,100.53516321827107,1757412894137.0017,2881.0,4044.5992592278744,2949.0,1848.0699947960204,50243.0,6373.921773514756,5.0243,50339.0,6267.273274448238,5.0339,,100.0,,
139.0,1.0781390382687275,Screen recording 1,,,,,Screen recording 1,,,,,,,,,,,,,,,,,,,,,139.0,1000138.0,100.53906951913436,1757412894138.0017,2884.0,4070.8780330471423,2446.0,1996.3573132455965,50131.0,6106.321654928432,5.0131,49634.0,6269.0958086787405,4.9634,,100.0,,
140.0,1.0859516399953124,Screen recording 1,,,,,Screen recording 1,,,,,,,,,,,,,,,,,,,,,140.0,1000139.0,100.54297581999765,1757412894139.0017,2789.0,4092.8157581040027,2448.0,1870.9611385452881,50380.0,6277.674229893914,5.038,50157.0,6123.421824002034,5.0157,,100.0,,
141.0,1.0937642417218976,Screen recording 1,,,,,Screen recording 1,,,,,,,,,,,,,,,,,,,,,141.0,1000140.0,100.54688212086094,1757412894140.0017,2797.0,4036.2360095696768,2870.0,1980.519390769329,50450.0,6497.787295510119,5.045,51142.0,6113.806419294772,5.1142,,100.0,,
142.0,1.1015768434484825,Screen recording 1,,,,,Screen recording 1,,,,,,,,,,,,,,,,,,,,,142.0,1000141.0,100.55078842172423,1757412894141.002,2740.0,4045.865159934652,2352.0,1873.4954601596278,51311.0,6384.6682806546305,5.1311,49519.0,6249.621957249765,4.9519,,100.0,,
143.0,1.1093894451750674,Screen recording 1,,,,,Screen recording 1,,,,,,,,,,,,,,,,,,,,,143.0,1000142.0,100.55469472258753,1757412894142.002,2745.0,4026.132614676717,2734.0,1884.3333336384533,49818.0,6175.118193947351,4.9818,50312.0,6297.528513095199,5.0312,,100.0,,
144.0,1.1172020469016524,Screen recording 1,,,,,Screen recording 1,,,,,,,,,,,,,,,,,,,,,144.0,1000143.0,100.55860102345082,1757412894143.002,2864.0,4006.039170771265,2295.0,1892.2522252207823,50281.0,6145.408364925294,5.0281,50130.0,6178.598511943588,5.013,,100.0,,
145.0,1.1250146486282375,Screen recording 1,,,,,Screen recording 1,,,,,,,,,,,,,,,,,,,,,145.0,1000144.0,100.56250732431411,1757412894144.002,2712.0,4029.3234334297713,2168.0,1963.4773115445282,50580.0,6041.90665413755,5.058,50256.0,6204.674336039186,5.0256,,100.0,,
146.0,1.1328272503548225,Screen recording 1,,,,,Screen recording 1,,,,,,,,,,,,,,,,,,,,,146.0,1000145.0,100.56641362517742,1757412894145.002,2821.0,4024.629715657563,2154.0,1940.2336709966705,50913.0,6175.051564386425,5.0913,49857.0,6226.009769067849,4.9857,,100.0,,
147.0,1.1406398520814074,Screen recording 1,,,,,Screen recording 1,,,,,,,,,,,,,,,,,,,,,147.0,1000146.0,100.57031992604071,1757412894146.002,2862.0,4061.6985065269423,2921.0,1953.16931666372,50769.0,6111.9248108541415,5.0769,49571.0,6478.259195686256,4.9571,,100.0,,
148.0,1.1484524538079923,Screen recording 1,,,,,Screen recording 1,,,,,,,,,,,,,,,,,,,,,148.0,1000147.0,100.574226226904,1757412894147.002,2723.0,4046.1694558026106,2011.0,1869.9281017405724,49652.0,6108.978386321638,4.9652,50016.0,6070.211112197525,5.0016,,100.0,,
149.0,1.1562650555345773,Screen recording 1,,,,,Screen recording 1,,,,,,,,,,,,,,,,,,,,,149.0,1000148.0,100.5781325277673,1757412894148.002,2767.0,4018.88999881706,2297.0,1803.5711419698898,50182.0,6286.6716098082015,5.0182,49811.0,6050.819679179582,4.9811,,100.0,,
150.0,1.1640776572611624,Screen recording 1,,,,,Screen recording 1,,,,,,,,,,,,,,,,,,,,,150.0,1000149.0,100.58203882863059,1757412894149.002,2798.0,4058.6728232759483,2426.0,1896.693861626041,50842.0,6371.151409309383,5.0842,49356.0,6026.967548320062,4.9356,,100.0,,
151.0,1.1718902589877473,Screen recording 1,,,,,Screen recording 1,,,,,,,,,,,,,,,,,,,,,151.0,1000150.0,100.58594512949388,1757412894150.002,2872.0,4006.6798003181216,2042.0,1979.306438534144,49571.0,6097.1616154418025,4.9571,49941.0,6058.912346072289,4.9941,,100.0,,
152.0,1.1797028607143323,Screen recording 1,,,,,Screen recording 1,,,,,,,,,,,,,,,,,,,,,152.0,1000151.0,100.58985143035717,1757412894151.002,2739.0,4001.806211513388,2706.0,1922.0948961107051,50601.0,6151.2157571054795,5.0601,50148.0,6421.5554217520275,5.0148,,100.0,,
153.0,1.1875154624409172,Screen recording 1,,,,,Screen recording 1,,,,,,,,,,,,,,,,,,,,,153.0,1000152.0,100.59375773122046,1757412894152.002,2853.0,4013.3144547052775,2043.0,1827.772835969517,49608.0,6110.076019223896,4.9608,50725.0,6030.80001285234,5.0725,,100.0,,
154.0,1.1953280641675021,Screen recording 1,,,,,Screen recording 1,,,,,,,,,,,,,,,,,,,,,154.0,1000153.0,100.59766403208376,1757412894153.002,2706.0,4006.8408899572582,2310.0,1920.8652181326815,50753.0,6352.200677820813,5.0753,49634.0,6170.117309744216,4.9634,,100.0,,
155.0,1.2031406658940873,Screen recording 1,,,,,Screen recording 1,,,,,,,,,,,,,,,,,,,,,155.0,1000154.0,100.60157033294705,1757412894154.002,2711.0,4023.7526455751354,2253.0,1962.9794219274772,50695.0,6430.956420465201,5.0695,49767.0,6302.724793007395,4.9767,,100.0,,
156.0,1.2109532676206722,Screen recording 1,,,,,Screen recording 1,,,,,,,,,,,,,,,,,,,,,156.0,1000155.0,100.60547663381034,1757412894155.002,2731.0,4026.095661432653,2983.0,1897.712809446899,49701.0,6291.999582839053,4.9701,50084.0,6191.855785058366,5.0084,,100.0,,
157.0,1.2187658693472572,Screen recording 1,,,,,Screen recording 1,,,,,,,,,,,,,,,,,,,,,157.0,1000156.0,100.60938293467363,1757412894156.002,2723.0,4080.576751279408,2992.0,1846.6724028819492,49952.0,6333.620826814185,4.9952,49300.0,6315.277755742843,4.93,,100.0,,
158.0,1.226578471073842,Screen recording 1,,,,,Screen recording 1,,,,,,,,,,,,,,,,,,,,,158.0,1000157.0,100.61328923553693,1757412894157.002,2788.0,4007.210527508335,2279.0,1947.946215709512,49512.0,6030.183165882046,4.9512,51080.0,6036.599467522083,5.108,,100.0,,
159.0,1.2343910728004273,Screen recording 1,,,,,Screen recording 1,,,,,,,,,,,,,,,,,,,,,159.0,1000158.0,100.61719553640022,1757412894158.002,2899.0,4083.2959092912292,2525.0,1896.7212769916455,50340.0,6225.225368101341,5.034,50555.0,6451.556100438847,5.0555,,100.0,,
160.0,1.2422036745270122,Screen recording 1,,,,,Screen recording 1,,,,,,,,,,,,,,,,,,,,,160.0,1000159.0,100.62110183726351,1757412894159.002,2853.0,4083.5558428690383,2841.0,1822.9597614699064,50065.0,6186.77032605292,5.0065,50109.0,6314.119699301376,5.0109,,100.0,,
161.0,1.2500162762535971,Screen recording 1,,,,,Screen recording 1,,,,,,,,,,,,,,,,,,,,,161.0,1000160.0,100.6250081381268,1757412894160.0022,2849.0,4093.3247055334286,2908.0,1838.517231516992,50453.0,6123.615176142152,5.0453,50774.0,6295.456558593889,5.0774,,100.0,,
162.0,1.257828877980182,Screen recording 1,,,,,Screen recording 1,,,,,,,,,,,,,,,,,,,,,162.0,1000161.0,100.6289144389901,1757412894161.0022,2835.0,4093.6392937944956,2110.0,1835.8621694942756,51410.0,6489.058385277728,5.141,51623.0,6087.26127066067,5.1623,,100.0,,
163.0,1.265641479706767,Screen recording 1,,,,,Screen recording 1,,,,,,,,,,,,,,,,,,,,,163.0,1000162.0,100.63282073985339,1757412894162.0022,2708.0,4015.710610023014,2341.0,1886.8556545041258,50084.0,6070.938568735656,5.0084,49760.0,6176.905474288217,4.976,,100.0,,
164.0,1.2734540814333521,Screen recording 1,,,,,Screen recording 1,,,,,,,,,,,,,,,,,,,,,164.0,1000163.0,100.63672704071668,1757412894163.0022,2799.0,4027.562212768746,2834.0,1811.687125178891,50263.0,6169.10871679286,5.0263,50897.0,6084.574660763133,5.0897,,100.0,,
165.0,1.281266683159937,Screen recording 1,,,,,Screen recording 1,,,,,,,,,,,,,,,,,,,,,165.0,1000164.0,100.64063334157997,1757412894164.0022,2742.0,4043.045916732731,2566.0,1875.4817856608076,50369.0,6499.861145302473,5.0369,49726.0,6385.844633641558,4.9726,,100.0,,
166.0,1.289079284886522,Screen recording 1,,,,,Screen recording 1,,,,,,,,,,,,,,,,,,,,,166.0,1000165.0,100.64453964244326,1757412894165.0022,2713.0,4088.4484466301506,2165.0,1928.1658146469267,50435.0,6217.564999769931,5.0435,50383.0,6236.293310986239,5.0383,,100.0,,
167.0,1.296891886613107,Screen recording 1,,,,,Screen recording 1,,,,,,,,,,,,,,,,,,,,,167.0,1000166.0,100.64844594330656,1757412894166.0022,2723.0,4032.4348896142833,2412.0,1882.1425115951029,50129.0,6446.138511836523,5.0129,50572.0,6419.075063953578,5.0572,,100.0,,
168.0,1.304704488339692,Screen recording 1,,,,,Screen recording 1,,,,,,,,,,,,,,,,,,,,,168.0,1000167.0,100.65235224416985,1757412894167.0022,2857.0,4004.8135877398076,2920.0,1914.2758716451606,48842.0,6019.415455151085,4.8842,50475.0,6247.297227721233,5.0475,,100.0,,
169.0,1.312517090066277,Screen recording 1,,,,,Screen recording 1,,,,,,,,,,,,,,,,,,,,,169.0,1000168.0,100.65625854503314,1757412894168.0022,2859.0,4034.427057898135,2669.0,1890.8687519237162,50925.0,6280.84133968347,5.0925,50013.0,6178.678600834043,5.0013,,100.0,,
170.0,1.320329691792862,Screen recording 1,,,,,Screen recording 1,,,,,,,,,,,,,,,,,,,,,170.0,1000169.0,100.66016484589643,1757412894169.0022,2730.0,4059.1726083419253,2215.0,1999.1686930043923,50093.0,6269.4859971854075,5.0093,49610.0,6412.572653793315,4.961,,100.0,,
171.0,1.328142293519447,Screen recording 1,,,,,Screen recording 1,,,,,,,,,,,,,,,,,,,,,171.0,1000170.0,100.66407114675972,1757412894170.0022,2740.0,4047.7799047438957,2333.0,1924.90878304683,50491.0,6094.125958740629,5.0491,49609.0,6016.4940327054355,4.9609,,100.0,,
172.0,1.3359548952460318,Screen recording 1,,,,,Screen recording 1,,,,,,,,,,,,,,,,,,,,,172.0,1000171.0,100.66797744762302,1757412894171.0022,2836.0,4036.245776662287,2629.0,1921.8220317127095,50482.0,6298.855989893311,5.0482,50043.0,6121.8939796239165,5.0043,,100.0,,
173.0,1.343767496972617,Screen recording 1,,,,,Screen recording 1,,,,,,,,,,,,,,,,,,,,,173.0,1000172.0,100.67188374848631,1757412894172.0022,2713.0,4097.988476387025,2356.0,1871.2111578799359,49170.0,6056.705048215021,4.917,50235.0,6163.439691461343,5.0235,,100.0,,
174.0,1.351580098699202,Screen recording 1,,,,,Screen recording 1,,,,,,,,,,,,,,,,,,,,,174.0,1000173.0,100.6757900493496,1757412894173.0022,2874.0,4001.018497685,2267.0,1886.8641027481349,51007.0,6207.738974222787,5.1007,50076.0,6237.50006180109,5.0076,,100.0,,
175.0,1.3593927004257869,Screen recording 1,,,,,Screen recording 1,,,,,,,,,,,,,,,,,,,,,175.0,1000174.0,100.6796963502129,1757412894174.0022,2714.0,4048.444297966252,2165.0,1940.2572264998992,50622.0,6057.101224278339,5.0622,50130.0,6019.342007080379,5.013,,100.0,,
176.0,1.3672053021523718,Screen recording 1,,,,,Screen recording 1,,,,,,,,,,,,,,,,,,,,,176.0,1000175.0,100.68360265107619,1757412894175.0022,2750.0,4048.2196969987717,2880.0,1934.6220243987502,49757.0,6376.951392491814,4.9757,49859.0,6206.229714616322,4.9859,,100.0,,
177.0,1.3750179038789567,Screen recording 1,,,,,Screen recording 1,,,,,,,,,,,,,,,,,,,,,177.0,1000176.0,100.68750895193948,1757412894176.0022,2847.0,4052.021759843536,2807.0,1801.465105315872,51072.0,6459.666601260509,5.1072,49733.0,6125.638797054818,4.9733,,100.0,,
178.0,1.3828305056055419,Screen recording 1,,,,,Screen recording 1,,,,,,,,,,,,,,,,,,,,,178.0,1000177.0,100.69141525280277,1757412894177.0022,2790.0,4077.8046990777225,2473.0,1967.8745588804386,49438.0,6342.915087351434,4.9438,49361.0,6151.588785387641,4.9361,,100.0,,
179.0,1.3906431073321268,Screen recording 1,,,,,Screen recording 1,,,,,,,,,,,,,,,,,,,,,179.0,1000178.0,100.69532155366606,1757412894178.0022,2865.0,4079.1049951500677,2699.0,1866.1896142939727,50740.0,6164.590381939593,5.074,50389.0,6326.676955020605,5.0389,,100.0,,
180.0,1.3984557090587117,Screen recording 1,,,,,Screen recording 1,,,,,,,,,,,,,,,,,,,,,180.0,1000179.0,100.69922785452935,1757412894179.0024,2824.0,4038.65110637763,2448.0,1977.551262779918,51025.0,6053.1531944914,5.1025,49819.0,6413.024511071077,4.9819,,100.0,,
181.0,1.4062683107852967,Screen recording 1,,,,,Screen recording 1,,,,,,,,,,,,,,,,,,,,,181.0,1000180.0,100.70313415539265,1757412894180.0024,2780.0,4048.3278457767,2779.0,1914.1249644481738,51378.0,6274.954531100535,5.1378,50537.0,6132.84826898575,5.0537,,100.0,,
182.0,1.4140809125118818,Screen recording 1,,,,,Screen recording 1,,,,,,,,,,,,,,,,,,,,,182.0,1000181.0,100.70704045625594,1757412894181.0024,2828.0,4048.717282360566,2861.0,1879.8358499168962,49576.0,6356.921265669248,4.9576,50112.0,6034.967068769902,5.0112,,100.0,,
183.0,1.4218935142384668,Screen recording 1,,,,,Screen recording 1,,,,,,,,,,,,,,,,,,,,,183.0,1000182.0,100.71094675711923,1757412894182.0024,2854.0,4030.460323474019,2662.0,1841.393331834012,50210.0,6331.481155706364,5.021,50515.0,6028.728334389387,5.0515,,100.0,,
184.0,1.4297061159650517,Screen recording 1,,,,,Screen recording 1,,,,,,,,,,,,,,,,,,,,,184.0,1000183.0,100.71485305798252,1757412894183.0024,2866.0,4074.7152547255146,2133.0,1845.5030833427174,50249.0,6308.509489530158,5.0249,50518.0,6342.949744947201,5.0518,,100.0,,
185.0,1.4375187176916366,Screen recording 1,,,,,Screen recording 1,,,,,,,,,,,,,,,,,,,,,185.0,1000184.0,100.71875935884582,1757412894184.0024,2816.0,4029.653980627791,2841.0,1939.7340638337726,50237.0,6120.60717231813,5.0237,51166.0,6313.3068829832355,5.1166,,100.0,,
186.0,1.4453313194182216,Screen recording 1,,,,,Screen recording 1,,,,,,,,,,,,,,,,,,,,,186.0,1000185.0,100.72266565970911,1757412894185.0024,2753.0,4021.708770287838,2502.0,1972.3625573795427,50195.0,6409.74873847628,5.0195,51108.0,6264.760895659777,5.1108,,100.0,,
187.0,1.4531439211448067,Screen recording 1,,,,,Screen recording 1,,,,,,,,,,,,,,,,,,,,,187.0,1000186.0,100.7265719605724,1757412894186.0024,2720.0,4080.3326523510996,2006.0,1963.511857108059,50270.0,6065.4640743608115,5.027,50517.0,6071.674128649879,5.0517,,100.0,,
188.0,1.4609565228713917,Screen recording 1,,,,,Screen recording 1,,,,,,,,,,,,,,,,,,,,,188.0,1000187.0,100.73047826143569,1757412894187.0024,2899.0,4009.7518416113135,2188.0,1857.7957213278023,50671.0,6423.145311984365,5.0671,50373.0,6421.581049124812,5.0373,,100.0,,
189.0,1.4687691245979766,Screen recording 1,,,,,Screen recording 1,,,,,,,,,,,,,,,,,,,,,189.0,1000188.0,100.73438456229898,1757412894188.0024,2847.0,4074.4670030429306,2575.0,1813.866307272883,49552.0,6190.457118318421,4.9552,49217.0,6080.170495877713,4.9217,,100.0,,
190.0,1.4765817263245615,Screen recording 1,,,,,Screen recording 1,,,,,,,,,,,,,,,,,,,,,190.0,1000189.0,100.73829086316228,1757412894189.0024,2748.0,4046.1286351047074,2368.0,1898.107643967903,51007.0,6318.390053540633,5.1007,50300.0,6386.39485699871,5.03,,100.0,,
191.0,1.4843943280511467,Screen recording 1,,,,,Screen recording 1,,,,,,,,,,,,,,,,,,,,,191.0,1000190.0,100.74219716402557,1757412894190.0024,2847.0,4088.105970901268,2109.0,1804.0258547333526,49952.0,6327.764481743393,4.9952,50102.0,6473.597635724328,5.0102,,100.0,,
192.0,1.4922069297777316,Screen recording 1,,,,,Screen recording 1,,,,,,,,,,,,,,,,,,,,,192.0,1000191.0,100.74610346488886,1757412894191.0024,2886.0,4039.66856604323,2265.0,1856.0726267672885,50789.0,6425.848819204444,5.0789,50732.0,6361.402864377931,5.0732,,100.0,,
193.0,1.5000195315043166,Screen recording 1,,,,,Screen recording 1,,,,,,,,,,,,,,,,,,,,,193.0,1000192.0,100.75000976575215,1757412894192.0024,2737.0,4009.7487017830563,2929.0,1874.634537395649,49902.0,6164.519813821088,4.9902,49669.0,6470.530846138352,4.9669,,100.0,,
194.0,1.5078321332309015,Screen recording 1,,,,,Screen recording 1,,,,,,,,,,,,,,,,,,,,,194.0,1000193.0,100.75391606661545,1757412894193.0024,2783.0,4053.5741427051917,2084.0,1937.779482682732,49611.0,6186.860314109216,4.9611,49904.0,6062.527984851612,4.9904,,100.0,,
195.0,1.5156447349574864,Screen recording 1,,,,,Screen recording 1,,,,,,,,,,,,,,,,,,,,,195.0,1000194.0,100.75782236747874,1757412894194.0024,2863.0,4020.0808607375798,2757.0,1975.209023413585,50744.0,6167.702564049726,5.0744,50480.0,6131.18770281896,5.048,,100.0,,
196.0,1.5234573366840716,Screen recording 1,,,,,Screen recording 1,,,,,,,,,,,,,,,,,,,,,196.0,1000195.0,100.76172866834203,1757412894195.0024,2894.0,4005.5584786946747,2614.0,1877.7143157146952,50847.0,6257.454882735383,5.0847,50349.0,6384.262404396984,5.0349,,100.0,,
197.0,1.5312699384106565,Screen recording 1,,,,,Screen recording 1,,,,,,,,,,,,,,,,,,,,,197.0,1000196.0,100.76563496920532,1757412894196.0024,2779.0,4086.2202280220527,2014.0,1880.2402794188492,50148.0,6094.877418872023,5.0148,50110.0,6322.208692344904,5.011,,100.0,,
198.0,1.5390825401372414,Screen recording 1,,,,,Screen recording 1,,,,,,,,,,,,,,,,,,,,,198.0,1000197.0,100.76954127006861,1757412894197.0027,2868.0,4049.6629593434577,2037.0,1938.0842483678177,49386.0,6367.327407309331,4.9386,49599.0,6086.315510125124,4.9599,,100.0,,
199.0,1.5468951418638264,Screen recording 1,,,,,Screen recording 1,,,,,,,,,,,,,,,,,,,,,199.0,1000198.0,100.7734475709319,1757412894198.0027,2754.0,4060.825416018331,2204.0,1944.1408156867428,50696.0,6276.20656770404,5.0696,49490.0,6373.556007649937,4.949,,100.0,,
200.0,1.5547077435904115,Screen recording 1,,,,,Screen recording 1,,,,,,,,,,,,,,,,,,,,,200.0,1000199.0,100.7773538717952,1757412894199.0027,2714.0,4075.9559423837336,2178.0,1907.7854890012377,49629.0,6481.895239588843,4.9629,50586.0,6413.832242541421,5.0586,,100.0,,
201.0,1.5625203453169965,Screen recording 1,,,,,Screen recording 1,,,,,,,,,,,,,,,,,,,,,201.0,1000200.0,100.78126017265849,1757412894200.0027,2805.0,4019.543892204586,2269.0,1981.4800532953707,50444.0,6076.452997817925,5.0444,50456.0,6421.87128818852,5.0456,,100.0,,
202.0,1.5703329470435814,Screen recording 1,,,,,Screen recording 1,,,,,,,,,,,,,,,,,,,,,202.0,1000201.0,100.78516647352178,1757412894201.0027,2889.0,4072.47755016492,2192.0,1943.7662931224313,50311.0,6207.914899065951,5.0311,50447.0,6387.78058145015,5.0447,,100.0,,
203.0,1.5781455487701663,Screen recording 1,,,,,Screen recording 1,,,,,,,,,,,,,,,,,,,,,203.0,1000202.0,100.78907277438509,1757412894202.0027,2765.0,4005.3514326322324,2928.0,1827.5200763841972,50410.0,6448.73599983356,5.041,49810.0,6083.936392251001,4.981,,100.0,,
204.0,1.5859581504967513,Screen recording 1,,,,,Screen recording 1,,,,,,,,,,,,,,,,,,,,,204.0,1000203.0,100.79297907524838,1757412894203.0027,2793.0,4075.0645047685384,2491.0,1844.5047553211643,50360.0,6273.095150812197,5.036,50963.0,6349.902814973359,5.0963,,100.0,,
205.0,1.5937707522233364,Screen recording 1,,,,,Screen recording 1,,,,,,,,,,,,,,,,,,,,,205.0,1000204.0,100.79688537611167,1757412894204.0027,2823.0,4018.863975613022,2144.0,1898.7352868816401,50125.0,6254.965973838326,5.0125,49377.0,6339.430940723169,4.9377,,100.0,,
206.0,1.6015833539499214,Screen recording 1,,,,,Screen recording 1,,,,,,,,,,,,,,,,,,,,,206.0,1000205.0,100.80079167697497,1757412894205.0027,2833.0,4097.318841910353,2486.0,1884.0939848094538,50012.0,6340.273290011398,5.0012,51123.0,6180.325845252693,5.1123,,100.0,,
207.0,1.6093959556765063,Screen recording 1,,,,,Screen recording 1,,,,,,,,,,,,,,,,,,,,,207.0,1000206.0,100.80469797783826,1757412894206.0027,2767.0,4025.1887225772557,2464.0,1952.037112517739,50519.0,6331.036905211132,5.0519,50895.0,6371.198516750964,5.0895,,100.0,,
208.0,1.6172085574030912,Screen recording 1,,,,,Screen recording 1,,,,,,,,,,,,,,,,,,,,,208.0,1000207.0,100.80860427870155,1757412894207.0027,2813.0,4054.594127807205,2248.0,1850.2914763396138,50591.0,6497.593257306681,5.0591,49805.0,6187.9189344854585,4.9805,,100.0,,
209.0,1.6250211591296764,Screen recording 1,,,,,Screen recording 1,,,,,,,,,,,,,,,,,,,,,209.0,1000208.0,100.81251057956484,1757412894208.0027,2737.0,4005.09213493721,2237.0,1906.415104796484,48889.0,6438.848643823203,4.8889,49872.0,6045.705420323885,4.9872,,100.0,,
210.0,1.6328337608562613,Screen recording 1,,,,,Screen recording 1,,,,,,,,,,,,,,,,,,,,,210.0,1000209.0,100.81641688042814,1757412894209.0027,2709.0,4074.1134026007257,2531.0,1957.2115630148592,50106.0,6069.9464889525625,5.0106,50982.0,6108.320791844955,5.0982,,100.0,,
211.0,1.6406463625828462,Screen recording 1,,,,,Screen recording 1,,,,,,,,,,,,,,,,,,,,,211.0,1000210.0,100.82032318129143,1757412894210.0027,2772.0,4036.0573269664546,2501.0,1990.4786521905412,49514.0,6094.500400226961,4.9514,49852.0,6436.047399044476,4.9852,,100.0,,
212.0,1.6484589643094312,Screen recording 1,,,,,Screen recording 1,,,,,,,,,,,,,,,,,,,,,212.0,1000211.0,100.82422948215472,1757412894211.0027,2832.0,4027.582733856198,2721.0,1918.5694905809717,50532.0,6078.949877353826,5.0532,49647.0,6119.2345512283555,4.9647,,100.0,,
213.0,1.656271566036016,Screen recording 1,,,,,Screen recording 1,,,,,,,,,,,,,,,,,,,,,213.0,1000212.0,100.82813578301801,1757412894212.0027,2835.0,4063.052135335023,2158.0,1948.4998385042468,50268.0,6252.090924449937,5.0268,51293.0,6317.659171078236,5.1293,,100.0,,
214.0,1.6640841677626013,Screen recording 1,,,,,Screen recording 1,,,,,,,,,,,,,,,,,,,,,214.0,1000213.0,100.8320420838813,1757412894213.0027,2763.0,4060.4511806951136,2221.0,1927.0399451214846,50230.0,6069.3745852073225,5.023,50306.0,6217.518731125025,5.0306,,100.0,,
215.0,1.6718967694891862,Screen recording 1,,,,,Screen recording 1,,,,,,,,,,,,,,,,,,,,,215.0,1000214.0,100.8359483847446,1757412894214.0027,2705.0,4003.7292171916747,2058.0,1865.6254328019256,50184.0,6456.817577753851,5.0184,50311.0,6040.619877497173,5.0311,,100.0,,
216.0,1.6797093712157711,Screen recording 1,,,,,Screen recording 1,,,,,,,,,,,,,,,,,,,,,216.0,1000215.0,100.83985468560789,1757412894215.0027,2715.0,4014.1651865415392,2050.0,1834.532147040103,49572.0,6016.81181902864,4.9572,50319.0,6456.432581862736,5.0319,,100.0,,
217.0,1.687521972942356,Screen recording 1,,,,,Screen recording 1,,,,,,,,,,,,,,,,,,,,,217.0,1000216.0,100.84376098647118,1757412894216.003,2787.0,4049.890413574708,2261.0,1936.210493838867,50618.0,6302.53026518388,5.0618,50683.0,6358.433945590249,5.0683,,100.0,,
218.0,1.695334574668941,Screen recording 1,,,,,Screen recording 1,,,,,,,,,,,,,,,,,,,,,218.0,1000217.0,100.84766728733447,1757412894217.003,2879.0,4042.6828136942345,2666.0,1925.0015444086098,50504.0,6225.633741143251,5.0504,50451.0,6460.727201343251,5.0451,,100.0,,
219.0,1.7031471763955262,Screen recording 1,,,,,Screen recording 1,,,,,,,,,,,,,,,,,,,,,219.0,1000218.0,100.85157358819777,1757412894218.003,2872.0,4058.1223755407614,2115.0,1867.2806069710114,49879.0,6140.542564136757,4.9879,50043.0,6049.778621401774,5.0043,,100.0,,
220.0,1.710959778122111,Screen recording 1,,,,,Screen recording 1,,,,,,,,,,,,,,,,,,,,,220.0,1000219.0,100.85547988906106,1757412894219.003,2801.0,4063.5075643229056,2539.0,1897.7119942494742,50228.0,6428.37292287943,5.0228,50266.0,6209.3681362750485,5.0266,,100.0,,
221.0,1.718772379848696,Screen recording 1,,,,,Screen recording 1,,,,,,,,,,,,,,,,,,,,,221.0,1000220.0,100.85938618992435,1757412894220.003,2825.0,4070.796453456192,2563.0,1913.6576148291153,50440.0,6270.2854371581625,5.044,49968.0,6400.6705837379395,4.9968,,100.0,,
222.0,1.726584981575281,Screen recording 1,,,,,Screen recording 1,,,,,,,,,,,,,,,,,,,,,222.0,1000221.0,100.86329249078764,1757412894221.003,2814.0,4093.68004672145,2394.0,1948.7673536200684,49456.0,6257.618720835369,4.9456,49892.0,6247.414086557915,4.9892,,100.0,,
223.0,1.734397583301866,Screen recording 1,,,,,Screen recording 1,,,,,,,,,,,,,,,,,,,,,223.0,1000222.0,100.86719879165094,1757412894222.003,2788.0,4004.376222479031,2631.0,1842.5271972546693,49452.0,6332.60159614668,4.9452,50038.0,6487.355002137354,5.0038,,100.0,,
224.0,1.742210185028451,Screen recording 1,,,,,Screen recording 1,,,,,,,,,,,,,,,,,,,,,224.0,1000223.0,100.87110509251423,1757412894223.003,2798.0,4072.388174279197,2943.0,1922.1324679088034,50494.0,6150.137976007202,5.0494,50077.0,6302.916927264175,5.0077,,100.0,,
225.0,1.750022786755036,Screen recording 1,,,,,Screen recording 1,,,,,,,,,,,,,,,,,,,,,225.0,1000224.0,100.87501139337752,1757412894224.003,2796.0,4034.215214186431,2337.0,1928.3016788666555,50351.0,6209.512978230043,5.0351,50832.0,6497.196494750375,5.0832,,100.0,,
226.0,1.757835388481621,Screen recording 1,,,,,Screen recording 1,,,,,,,,,,,,,,,,,,,,,226.0,1000225.0,100.87891769424081,1757412894225.003,2728.0,4071.7395678288162,2165.0,1818.6030733711418,50737.0,6057.910147593115,5.0737,50461.0,6067.316316893472,5.0461,,100.0,,
227.0,1.7656479902082058,Screen recording 1,,,,,Screen recording 1,,,,,,,,,,,,,,,,,,,,,227.0,1000226.0,100.8828239951041,1757412894226.003,2733.0,4019.33409647854,2245.0,1975.2602041645362,50065.0,6195.3564497066345,5.0065,49870.0,6127.944487881819,4.987,,100.0,,
228.0,1.773460591934791,Screen recording 1,,,,,Screen recording 1,,,,,,,,,,,,,,,,,,,,,228.0,1000227.0,100.8867302959674,1757412894227.003,2821.0,4009.5383799908886,2606.0,1897.960488689463,50974.0,6366.121364217504,5.0974,49997.0,6465.138342909221,4.9997,,100.0,,
229.0,1.781273193661376,Screen recording 1,,,,,Screen recording 1,,,,,,,,,,,,,,,,,,,,,229.0,1000228.0,100.89063659683069,1757412894228.003,2757.0,4014.0702436826655,2890.0,1867.2717305507406,50897.0,6180.445493138389,5.0897,50447.0,6261.618676215657,5.0447,,100.0,,
230.0,1.7890857953879609,Screen recording 1,,,,,Screen recording 1,,,,,,,,,,,,,,,,,,,,,230.0,1000229.0,100.89454289769398,1757412894229.003,2846.0,4055.763373467581,2985.0,1817.896399339379,50588.0,6488.299015074738,5.0588,50154.0,6161.132007315425,5.0154,,100.0,,
231.0,1.7968983971145458,Screen recording 1,,,,,Screen recording 1,,,,,,,,,,,,,,,,,,,,,231.0,1000230.0,100.89844919855727,1757412894230.003,2864.0,4035.319591412501,2779.0,1831.7773311874103,50364.0,6017.084346269571,5.0364,49192.0,6222.784909540979,4.9192,,100.0,,
232.0,1.804710998841131,Screen recording 1,,,,,Screen recording 1,,,,,,,,,,,,,,,,,,,,,232.0,1000231.0,100.90235549942057,1757412894231.003,2716.0,4035.791739163052,2927.0,1975.7826218236853,50269.0,6062.4826708999935,5.0269,50313.0,6301.970799807896,5.0313,,100.0,,
233.0,1.8125236005677159,Screen recording 1,,,,,Screen recording 1,,,,,,,,,,,,,,,,,,,,,233.0,1000232.0,100.90626180028386,1757412894232.003,2824.0,4037.666862879041,2506.0,1915.9573507133348,50602.0,6357.604548803738,5.0602,49964.0,6155.081358503797,4.9964,,100.0,,
234.0,1.8203362022943008,Screen recording 1,,,,,Screen recording 1,,,,,,,,,,,,,,,,,,,,,234.0,1000233.0,100.91016810114715,1757412894233.003,2756.0,4031.060447727648,2651.0,1871.4240112781163,49875.0,6421.63012957428,4.9875,49809.0,6324.433035814561,4.9809,,100.0,,
235.0,1.8281488040208858,Screen recording 1,,,,,Screen recording 1,,,,,,,,,,,,,,,,,,,,,235.0,1000234.0,100.91407440201044,1757412894234.003,2824.0,4038.8007711924975,2169.0,1946.944226109855,50907.0,6216.081695646986,5.0907,49541.0,6261.873635064383,4.9541,,100.0,,
236.0,1.8359614057474707,Screen recording 1,,,,,Screen recording 1,,,,,,,,,,,,,,,,,,,,,236.0,1000235.0,100.91798070287373,1757412894235.0032,2814.0,4052.1196822063325,2683.0,1881.1533111631843,49886.0,6070.979588450416,4.9886,50625.0,6122.4814305178415,5.0625,,100.0,,
237.0,1.8437740074740558,Screen recording 1,,,,,Screen recording 1,,,,,,,,,,,,,,,,,,,,,237.0,1000236.0,100.92188700373703,1757412894236.0032,2804.0,4065.7162992226617,2131.0,1911.0340492958603,50306.0,6350.795240542136,5.0306,50064.0,6289.951553711881,5.0064,,100.0,,
238.0,1.8515866092006408,Screen recording 1,,,,,Screen recording 1,,,,,,,,,,,,,,,,,,,,,238.0,1000237.0,100.92579330460032,1757412894237.0032,2866.0,4062.0828090624036,2307.0,1995.515962450803,50163.0,6064.118773778936,5.0163,51077.0,6071.973925219319,5.1077,,100.0,,
239.0,1.8593992109272257,Screen recording 1,,,,,Screen recording 1,,,,,,,,,,,,,,,,,,,,,239.0,1000238.0,100.92969960546361,1757412894238.0032,2885.0,4019.9209008609437,2892.0,1817.344847569362,50403.0,6346.804677711337,5.0403,50039.0,6205.589920472775,5.0039,,100.0,,
240.0,1.8672118126538106,Screen recording 1,,,,,Screen recording 1,,,,,,,,,,,,,,,,,,,,,240.0,1000239.0,100.9336059063269,1757412894239.0032,2705.0,4060.6423901652497,2831.0,1854.355389665529,49688.0,6266.194343533683,4.9688,49758.0,6100.019148849068,4.9758,,100.0,,
241.0,1.8750244143803956,Screen recording 1,,,,,Screen recording 1,,,,,,,,,,,,,,,,,,,,,241.0,1000240.0,100.9375122071902,1757412894240.0032,2844.0,4055.7374897349696,2865.0,1983.716928852754,49138.0,6084.121265432891,4.9138,51053.0,6201.844520991751,5.1053,,100.0,,
242.0,1.8828370161069807,Screen recording 1,,,,,Screen recording 1,,,,,,,,,,,,,,,,,,,,,242.0,1000241.0,100.94141850805349,1757412894241.0032,2708.0,4089.0332978147576,2656.0,1864.7404014831438,50214.0,6390.321504478643,5.0214,49730.0,6075.93432188184,4.973,,100.0,,
243.0,1.8906496178335657,Screen recording 1,,,,,Screen recording 1,,,,,,,,,,,,,,,,,,,,,243.0,1000242.0,100.94532480891678,1757412894242.0032,2747.0,4002.9969453958292,2808.0,1922.1460569497804,49767.0,6264.064964364765,4.9767,49818.0,6478.466862823943,4.9818,,100.0,,
244.0,1.8984622195601506,Screen recording 1,,,,,Screen recording 1,,,,,,,,,,,,,,,,,,,,,244.0,1000243.0,100.94923110978007,1757412894243.0032,2730.0,4035.070025823703,2312.0,1911.1932088762123,51165.0,6033.690171751628,5.1165,50678.0,6389.1435842163455,5.0678,,100.0,,
245.0,1.9062748212867355,Screen recording 1,,,,,Screen recording 1,,,,,,,,,,,,,,,,,,,,,245.0,1000244.0,100.95313741064336,1757412894244.0032,2819.0,4093.2977136525938,2406.0,1901.637649005131,50332.0,6338.078657601436,5.0332,50186.0,6141.066420616491,5.0186,,100.0,,
246.0,1.9140874230133207,Screen recording 1,,,,,Screen recording 1,,,,,,,,,,,,,,,,,,,,,246.0,1000245.0,100.95704371150666,1757412894245.0032,2765.0,4093.732206917914,2975.0,1967.6968058749867,51423.0,6424.134032406352,5.1423,50830.0,6062.038124008562,5.083,,100.0,,
247.0,1.9219000247399056,Screen recording 1,,,,,Screen recording 1,,,,,,,,,,,,,,,,,,,,,247.0,1000246.0,100.96095001236995,1757412894246.0032,2753.0,4026.0009316461956,2034.0,1833.2930418550661,49856.0,6189.400460525188,4.9856,50800.0,6228.150679024219,5.08,,100.0,,
248.0,1.9297126264664906,Screen recording 1,,,,,Screen recording 1,,,,,,,,,,,,,,,,,,,,,248.0,1000247.0,100.96485631323324,1757412894247.0032,2816.0,4083.4767794940617,2911.0,1898.237942063906,49643.0,6312.140530935672,4.9643,50518.0,6419.880606840533,5.0518,,100.0,,
249.0,1.9375252281930755,Screen recording 1,,,,,Screen recording 1,,,,,,,,,,,,,,,,,,,,,249.0,1000248.0,100.96876261409653,1757412894248.0032,2834.0,4022.983018998723,2591.0,1871.792189024601,50334.0,6424.837409064076,5.0334,50545.0,6349.26584901225,5.0545,,100.0,,
250.0,1.9453378299196604,Screen recording 1,,,,,Screen recording 1,,,,,,,,,,,,,,,,,,,,,250.0,1000249.0,100.97266891495983,1757412894249.0032,2778.0,4064.630503521923,2839.0,1991.1033715475166,51102.0,6094.879760049289,5.1102,49621.0,6351.272226063287,4.9621,,100.0,,
251.0,1.9531504316462456,Screen recording 1,,,,,Screen recording 1,,,,,,,,,,,,,,,,,,,,,251.0,1000250.0,100.97657521582312,1757412894250.0032,2849.0,4045.6572011478384,2824.0,1902.039223578955,50252.0,6057.979664449471,5.0252,50361.0,6001.677916369158,5.0361,,100.0,,
252.0,1.9609630333728305,Screen recording 1,,,,,Screen recording 1,,,,,,,,,,,,,,,,,,,,,252.0,1000251.0,100.98048151668641,1757412894251.0032,2712.0,4063.2695630667076,2664.0,1886.656948940411,50219.0,6485.3909995242,5.0219,49866.0,6175.636256530081,4.9866,,100.0,,
253.0,1.9687756350994154,Screen recording 1,,,,,Screen recording 1,,,,,,,,,,,,,,,,,,,,,253.0,1000252.0,100.9843878175497,1757412894252.0032,2842.0,4074.20667882542,2649.0,1839.1236444826245,49804.0,6126.502176893631,4.9804,51214.0,6360.798370103137,5.1214,,100.0,,
254.0,1.9765882368260004,Screen recording 1,,,,,Screen recording 1,,,,,,,,,,,,,,,,,,,,,254.0,1000253.0,100.988294118413,1757412894253.0032,2851.0,4081.3186688660753,2989.0,1956.6785158592888,50146.0,6263.790848512885,5.0146,50182.0,6218.774574914722,5.0182,,100.0,,
255.0,1.9844008385525855,Screen recording 1,,,,,Screen recording 1,,,,,,,,,,,,,,,,,,,,,255.0,1000254.0,100.99220041927629,1757412894254.0034,2801.0,4016.6632538507683,2146.0,1909.5651244593191,49522.0,6443.155773758542,4.9522,49488.0,6035.606238760044,4.9488,,100.0,,
256.0,1.9922134402791705,Screen recording 1,,,,,Screen recording 1,,,,,,,,,,,,,,,,,,,,,256.0,1000255.0,100.99610672013958,1757412894255.0034,2847.0,4070.623362788684,2678.0,1908.5877513467956,50238.0,6024.996743461711,5.0238,50529.0,6404.773402100216,5.0529,,100.0,,
257.0,2.0000260420057554,Screen recording 1,,,,,Screen recording 1,,,,,,,,,,,,,,,,,,,,,257.0,1000256.0,101.00001302100287,1757412894256.0034,2835.0,4065.9757034422432,2441.0,1827.6435982958033,49973.0,6466.129446248642,4.9973,50445.0,6167.074285224825,5.0445,,100.0,,
258.0,2.0078386437323403,Screen recording 1,,,,,Screen recording 1,,,,,,,,,,,,,,,,,,,,,258.0,1000257.0,101.00391932186616,1757412894257.0034,2795.0,4051.2440305979667,2731.0,1820.7542723669276,50493.0,6346.859371908363,5.0493,50412.0,6499.517926728449,5.0412,,100.0,,
259.0,2.0156512454589253,Screen recording 1,,,,,Screen recording 1,,,,,,,,,,,,,,,,,,,,,259.0,1000258.0,101.00782562272946,1757412894258.0034,2760.0,4001.7041915218315,2972.0,1837.1062582869597,50585.0,6396.327816800388,5.0585,50194.0,6451.462615620146,5.0194,,100.0,,
260.0,2.02346384718551,Screen recording 1,,,,,Screen recording 1,,,,,,,,,,,,,,,,,,,,,260.0,1000259.0,101.01173192359275,1757412894259.0034,2875.0,4071.6723036866356,2250.0,1905.730991851697,49736.0,6223.580029929986,4.9736,50419.0,6204.250532914043,5.0419,,100.0,,
261.0,2.031276448912095,Screen recording 1,,,,,Screen recording 1,,,,,,,,,,,,,,,,,,,,,261.0,1000260.0,101.01563822445604,1757412894260.0034,2850.0,4068.639546213744,2736.0,1877.0504372080386,50410.0,6305.708398533466,5.041,50539.0,6150.131820268081,5.0539,,100.0,,
262.0,2.0390890506386805,Screen recording 1,,,,,Screen recording 1,,,,,,,,,,,,,,,,,,,,,262.0,1000261.0,101.01954452531935,1757412894261.0034,2841.0,4035.360853452955,2444.0,1966.6912647791455,50004.0,6253.329408385262,5.0004,50022.0,6024.07794677767,5.0022,,100.0,,
263.0,2.0469016523652654,Screen recording 1,,,,,Screen recording 1,,,,,,,,,,,,,,,,,,,,,263.0,1000262.0,101.02345082618264,1757412894262.0034,2853.0,4051.876536737249,2476.0,1892.2939707104774,49504.0,6257.366636694295,4.9504,50502.0,6429.526574430872,5.0502,,100.0,,
264.0,2.0547142540918504,Screen recording 1,,,,,Screen recording 1,,,,,,,,,,,,,,,,,,,,,264.0,1000263.0,101.02735712704593,1757412894263.0034,2823.0,4068.1575786358467,2454.0,1833.7552717728236,50601.0,6155.148162609901,5.0601,51142.0,6144.170550780819,5.1142,,100.0,,
265.0,2.0625268558184353,Screen recording 1,,,,,Screen recording 1,,,,,,,,,,,,,,,,,,,,,265.0,1000264.0,101.03126342790922,1757412894264.0034,2823.0,4063.468762267391,2693.0,1904.6988849118243,50511.0,6419.64236175374,5.0511,50495.0,6013.697784665545,5.0495,,100.0,,
266.0,2.0703394575450202,Screen recording 1,,,,,Screen recording 1,,,,,,,,,,,,,,,,,,,,,266.0,1000265.0,101.03516972877252,1757412894265.0034,2814.0,4088.8270927089634,2008.0,1973.2664699505913,51140.0,6482.928489553542,5.114,50274.0,6474.105954956555,5.0274,,100.0,,
267.0,2.078152059271605,Screen recording 1,,,,,Screen recording 1,,,,,,,,,,,,,,,,,,,,,267.0,1000266.0,101.03907602963581,1757412894266.0034,2772.0,4034.9041221781035,2046.0,1983.4193191650447,49942.0,6109.052494560391,4.9942,49898.0,6325.857050600048,4.9898,,100.0,,
268.0,2.08596466099819,Screen recording 1,,,,,Screen recording 1,,,,,,,,,,,,,,,,,,,,,268.0,1000267.0,101.0429823304991,1757412894267.0034,2725.0,4041.383173132207,2077.0,1832.3913727884817,50796.0,6181.28073823316,5.0796,50285.0,6146.241776652031,5.0285,,100.0,,
269.0,2.093777262724775,Screen recording 1,,,,,Screen recording 1,,,,,,,,,,,,,,,,,,,,,269.0,1000268.0,101.04688863136239,1757412894268.0034,2828.0,4065.852465493276,2710.0,1926.512524219778,49636.0,6447.888463149777,4.9636,50562.0,6409.256186834633,5.0562,,100.0,,
270.0,2.10158986445136,Screen recording 1,,,,,Screen recording 1,,,,,,,,,,,,,,,,,,,,,270.0,1000269.0,101.05079493222568,1757412894269.0034,2747.0,4042.6800662211435,2543.0,1900.8517487903312,49683.0,6454.553351084427,4.9683,49461.0,6087.954819060375,4.9461,,100.0,,
271.0,2.1094024661779454,Screen recording 1,,,,,Screen recording 1,,,,,,,,,,,,,,,,,,,,,271.0,1000270.0,101.05470123308898,1757412894270.0034,2885.0,4094.527238054492,2053.0,1942.869750120283,50652.0,6303.71646614017,5.0652,50531.0,6252.640588569122,5.0531,,100.0,,
272.0,2.1172150679045303,Screen recording 1,,,,,Screen recording 1,,,,,,,,,,,,,,,,,,,,,272.0,1000271.0,101.05860753395227,1757412894271.0034,2796.0,4057.7081743802846,2150.0,1924.1069799049258,50555.0,6012.595147538794,5.0555,50883.0,6141.726753608008,5.0883,,100.0,,
273.0,2.1250276696311152,Screen recording 1,,,,,Screen recording 1,,,,,,,,,,,,,,,,,,,,,273.0,1000272.0,101.06251383481556,1757412894272.0037,2890.0,4068.465984383862,2144.0,1842.1104556066832,50591.0,6104.38291590786,5.0591,50793.0,6080.509799830307,5.0793,,100.0,,
274.0,2.1328402713577,Screen recording 1,,,,,Screen recording 1,,,,,,,,,,,,,,,,,,,,,274.0,1000273.0,101.06642013567885,1757412894273.0037,2705.0,4097.110769834158,2278.0,1821.452193617418,50191.0,6479.016251607187,5.0191,49470.0,6236.511092062665,4.947,,100.0,,
275.0,2.140652873084285,Screen recording 1,,,,,Screen recording 1,,,,,,,,,,,,,,,,,,,,,275.0,1000274.0,101.07032643654215,1757412894274.0037,2828.0,4016.412414601227,2882.0,1877.6675657255616,49926.0,6248.233399990415,4.9926,50296.0,6188.385817153213,5.0296,,100.0,,
276.0,2.14846547481087,Screen recording 1,,,,,Screen recording 1,,,,,,,,,,,,,,,,,,,,,276.0,1000275.0,101.07423273740544,1757412894275.0037,2896.0,4045.604018968133,2194.0,1880.7457955423104,50462.0,6436.286566140206,5.0462,50652.0,6447.000551598478,5.0652,,100.0,,
277.0,2.156278076537455,Screen recording 1,,,,,Screen recording 1,,,,,,,,,,,,,,,,,,,,,277.0,1000276.0,101.07813903826873,1757412894276.0037,2735.0,4025.300275549881,2571.0,1988.407027784942,50961.0,6268.48550886926,5.0961,49122.0,6018.027370257174,4.9122,,100.0,,
278.0,2.16409067826404,Screen recording 1,,,,,Screen recording 1,,,,,,,,,,,,,,,,,,,,,278.0,1000277.0,101.08204533913202,1757412894277.0037,2815.0,4045.3235516410646,2266.0,1915.0292053343242,49967.0,6301.8040115242875,4.9967,51055.0,6241.6544483085945,5.1055,,100.0,,
279.0,2.171903279990625,Screen recording 1,,,,,Screen recording 1,,,,,,,,,,,,,,,,,,,,,279.0,1000278.0,101.08595163999532,1757412894278.0037,2820.0,4098.349355877112,2493.0,1921.8648483197471,51348.0,6489.002279122187,5.1348,50058.0,6055.580488498386,5.0058,,100.0,,
280.0,2.17971588171721,Screen recording 1,,,,,Screen recording 1,,,,,,,,,,,,,,,,,,,,,280.0,1000279.0,101.08985794085861,1757412894279.0037,2839.0,4072.046408456226,2817.0,1909.8630331946988,50274.0,6424.738499086159,5.0274,50003.0,6034.205358717508,5.0003,,100.0,,
281.0,2.187528483443795,Screen recording 1,,,,,Screen recording 1,,,,,,,,,,,,,,,,,,,,,281.0,1000280.0,101.0937642417219,1757412894280.0037,2740.0,4073.3844895906295,2404.0,1863.4912158078218,50774.0,6353.514300262938,5.0774,50386.0,6374.609722153888,5.0386,,100.0,,
282.0,2.19534108517038,Screen recording 1,,,,,Screen recording 1,,,,,,,,,,,,,,,,,,,,,282.0,1000281.0,101.09767054258519,1757412894281.0037,2706.0,4019.9861640597887,2949.0,1917.4962401302596,51207.0,6145.58447387627,5.1207,50242.0,6055.428947659591,5.0242,,100.0,,
283.0,2.203153686896965,Screen recording 1,,,,,Screen recording 1,,,,,,,,,,,,,,,,,,,,,283.0,1000282.0,101.10157684344848,1757412894282.0037,2757.0,4089.0668086255105,2022.0,1836.1068155106436,49187.0,6172.663734132876,4.9187,50121.0,6043.50458858453,5.0121,,100.0,,
284.0,2.21096628862355,Screen recording 1,,,,,Screen recording 1,,,,,,,,,,,,,,,,,,,,,284.0,1000283.0,101.10548314431178,1757412894283.0037,2819.0,4028.8548060987305,2501.0,1912.1006767222639,49801.0,6292.966018549491,4.9801,49875.0,6331.8135595483145,4.9875,,100.0,,
285.0,2.218778890350135,Screen recording 1,,,,,Screen recording 1,,,,,,,,,,,,,,,,,,,,,285.0,1000284.0,101.10938944517507,1757412894284.0037,2708.0,4043.2490885789575,2923.0,1963.9525535225962,50410.0,6426.223185532261,5.041,51038.0,6474.563489166557,5.1038,,100.0,,
286.0,2.22659149207672,Screen recording 1,,,,,Screen recording 1,,,,,,,,,,,,,,,,,,,,,286.0,1000285.0,101.11329574603836,1757412894285.0037,2767.0,4071.7306647106775,2429.0,1968.8961210768837,50093.0,6271.69983154522,5.0093,50579.0,6305.703564587661,5.0579,,100.0,,
287.0,2.2344040938033047,Screen recording 1,,,,,Screen recording 1,,,,,,,,,,,,,,,,,,,,,287.0,1000286.0,101.11720204690165,1757412894286.0037,2831.0,4063.2562982418413,2351.0,1953.3903807311851,50353.0,6281.087287273651,5.0353,50959.0,6425.826028944261,5.0959,,100.0,,
288.0,2.2422166955298897,Screen recording 1,,,,,Screen recording 1,,,,,,,,,,,,,,,,,,,,,288.0,1000287.0,101.12110834776495,1757412894287.0037,2862.0,4007.72982559867,2694.0,1888.4515165680734,50490.0,6192.869458158172,5.049,49758.0,6112.660803286462,4.9758,,100.0,,
289.0,2.250029297256475,Screen recording 1,,,,,Screen recording 1,,,,,,,,,,,,,,,,,,,,,289.0,1000288.0,101.12501464862824,1757412894288.0037,2841.0,4092.680577323101,2610.0,1809.4722604166295,50838.0,6089.355111645986,5.0838,49799.0,6434.678295060207,4.9799,,100.0,,
290.0,2.25784189898306,Screen recording 1,,,,,Screen recording 1,,,,,,,,,,,,,,,,,,,,,290.0,1000289.0,101.12892094949153,1757412894289.0037,2700.0,4007.6684933468155,2077.0,1938.7278485506351,50714.0,6293.731778711406,5.0714,49416.0,6292.056733146277,4.9416,,100.0,,
291.0,2.265654500709645,Screen recording 1,,,,,Screen recording 1,,,,,,,,,,,,,,,,,,,,,291.0,1000290.0,101.13282725035482,1757412894290.0037,2841.0,4056.7393390788966,2293.0,1957.1993888413463,50779.0,6003.1013315820655,5.0779,50220.0,6155.488001315268,5.022,,100.0,,
292.0,2.27346710243623,Screen recording 1,,,,,Screen recording 1,,,,,,,,,,,,,,,,,,,,,292.0,1000291.0,101.13673355121811,1757412894291.004,2852.0,4039.6560981721564,2525.0,1921.7686054594903,49951.0,6254.435150922252,4.9951,50150.0,6043.791510717791,5.015,,100.0,,
293.0,2.281279704162815,Screen recording 1,,,,,Screen recording 1,,,,,,,,,,,,,,,,,,,,,293.0,1000292.0,101.1406398520814,1757412894292.004,2804.0,4087.8857937786,2460.0,1901.08551231877,50153.0,6193.728029321191,5.0153,49669.0,6489.788081322829,4.9669,,100.0,,
294.0,2.2890923058893997,Screen recording 1,,,,,Screen recording 1,,,,,,,,,,,,,,,,,,,,,294.0,1000293.0,101.1445461529447,1757412894293.004,2797.0,4041.7402070350036,2587.0,1877.5976297138186,50910.0,6238.591170079532,5.091,50841.0,6487.8278784976355,5.0841,,100.0,,
295.0,2.2969049076159846,Screen recording 1,,,,,Screen recording 1,,,,,,,,,,,,,,,,,,,,,295.0,1000294.0,101.14845245380799,1757412894294.004,2893.0,4091.9269278973356,2187.0,1912.2437955596665,51030.0,6011.837170076924,5.103,50270.0,6209.644988720175,5.027,,100.0,,
296.0,2.3047175093425696,Screen recording 1,,,,,Screen recording 1,,,,,,,,,,,,,,,,,,,,,296.0,1000295.0,101.15235875467128,1757412894295.004,2893.0,4086.133505869623,2533.0,1868.2203978212224,49940.0,6393.696048817022,4.994,50913.0,6291.530659907396,5.0913,,100.0,,
297.0,2.3125301110691545,Screen recording 1,,,,,Screen recording 1,,,,,,,,,,,,,,,,,,,,,297.0,1000296.0,101.15626505553458,1757412894296.004,2730.0,4080.72219204032,2369.0,1933.04331734899,50118.0,6486.3507587534405,5.0118,50021.0,6462.042324742696,5.0021,,100.0,,
298.0,2.3203427127957394,Screen recording 1,,,,,Screen recording 1,,,,,,,,,,,,,,,,,,,,,298.0,1000297.0,101.16017135639787,1757412894297.004,2706.0,4031.440105185262,2356.0,1923.7054411566814,50019.0,6334.92314736849,5.0019,51141.0,6087.625753011163,5.1141,,100.0,,
299.0,2.328155314522325,Screen recording 1,,,,,Screen recording 1,,,,,,,,,,,,,,,,,,,,,299.0,1000298.0,101.16407765726116,1757412894298.004,2700.0,4069.3934841753253,2068.0,1990.7621890711316,49705.0,6233.363691513973,4.9705,49362.0,6089.008001202459,4.9362,,100.0,,
300.0,2.3359679162489098,Screen recording 1,,,,,Screen recording 1,,,,,,,,,,,,,,,,,,,,,300.0,1000299.0,101.16798395812445,1757412894299.004,2895.0,4049.4468126280485,2262.0,1966.161640487222,49929.0,6306.056311320027,4.9929,50688.0,6216.482115315849,5.0688,,100.0,,
301.0,2.3437805179754947,Screen recording 1,,,,,Screen recording 1,,,,,,,,,,,,,,,,,,,,,301.0,1000300.0,101.17189025898774,1757412894300.004,2722.0,4060.5062578262487,2410.0,1884.330221964507,50362.0,6202.553672943815,5.0362,50555.0,6061.081720565062,5.0555,,100.0,,
302.0,2.3515931197020796,Screen recording 1,,,,,Screen recording 1,,,,,,,,,,,,,,,,,,,,,302.0,1000301.0,101.17579655985104,1757412894301.004,2778.0,4029.2401083526183,2835.0,1869.8117191504487,50254.0,6319.001781173508,5.0254,49735.0,6295.908730730778,4.9735,,100.0,,
303.0,2.3594057214286646,Screen recording 1,,,,,Screen recording 1,,,,,,,,,,,,,,,,,,,,,303.0,1000302.0,101.17970286071433,1757412894302.004,2835.0,4034.4827770200836,2332.0,1803.3052491421365,50678.0,6199.4979737818585,5.0678,50990.0,6303.268035587231,5.099,,100.0,,
304.0,2.3672183231552495,Screen recording 1,,,,,Screen recording 1,,,,,,,,,,,,,,,,,,,,,304.0,1000303.0,101.18360916157762,1757412894303.004,2732.0,4026.290050557106,2148.0,1859.6897343536248,49843.0,6221.603640903633,4.9843,50385.0,6406.449732658932,5.0385,,100.0,,
305.0,2.3750309248818344,Screen recording 1,,,,,Screen recording 1,,,,,,,,,,,,,,,,,,,,,305.0,1000304.0,101.18751546244091,1757412894304.004,2758.0,4023.815692111205,2880.0,1890.0890329308017,50397.0,6380.541134221774,5.0397,51278.0,6107.580366217739,5.1278,,100.0,,
306.0,2.3828435266084194,Screen recording 1,,,,,Screen recording 1,,,,,,,,,,,,,,,,,,,,,306.0,1000305.0,101.1914217633042,1757412894305.004,2791.0,4074.50664730232,2640.0,1816.103756874658,51756.0,6381.316181696052,5.1756,49610.0,6090.318420058483,4.961,,100.0,,
307.0,2.3906561283350043,Screen recording 1,,,,,Screen recording 1,,,,,,,,,,,,,,,,,,,,,307.0,1000306.0,101.1953280641675,1757412894306.004,2767.0,4056.9110193852607,2117.0,1845.0287913705165,50389.0,6012.863598516773,5.0389,49571.0,6422.506349506766,4.9571,,100.0,,
308.0,2.3984687300615897,Screen recording 1,,,,,Screen recording 1,,,,,,,,,,,,,,,,,,,,,308.0,1000307.0,101.19923436503079,1757412894307.004,2740.0,4049.838420453061,2478.0,1816.4951965098778,49766.0,6390.1012225392915,4.9766,49633.0,6162.386105593122,4.9633,,100.0,,
309.0,2.4062813317881746,Screen recording 1,,,,,Screen recording 1,,,,,,,,,,,,,,,,,,,,,309.0,1000308.0,101.20314066589408,1757412894308.004,2729.0,4083.7892570140048,2337.0,1973.4372800897795,49560.0,6165.56335577576,4.956,50906.0,6059.291879895596,5.0906,,100.0,,
310.0,2.4140939335147595,Screen recording 1,,,,,Screen recording 1,,,,,,,,,,,,,,,,,,,,,310.0,1000309.0,101.20704696675737,1757412894309.004,2841.0,4080.312671436449,2659.0,1856.55111322679,50070.0,6316.2542213491315,5.007,50633.0,6400.02625213094,5.0633,,100.0,,
311.0,2.4219065352413445,Screen recording 1,,,,,Screen recording 1,,,,,,,,,,,,,,,,,,,,,311.0,1000310.0,101.21095326762067,1757412894310.0042,2893.0,4020.2992606160683,2620.0,1968.3441372020736,49648.0,6450.6772837048675,4.9648,51423.0,6463.206415622128,5.1423,,100.0,,
312.0,2.4297191369679294,Screen recording 1,,,,,Screen recording 1,,,,,,,,,,,,,,,,,,,,,312.0,1000311.0,101.21485956848396,1757412894311.0042,2736.0,4020.249370515449,2991.0,1828.942400070403,50939.0,6387.058038798632,5.0939,50030.0,6193.061496426549,5.003,,100.0,,
313.0,2.4375317386945143,Screen recording 1,,,,,Screen recording 1,,,,,,,,,,,,,,,,,,,,,313.0,1000312.0,101.21876586934725,1757412894312.0042,2886.0,4053.140500217864,2260.0,1893.7277408907905,50812.0,6391.0340219387845,5.0812,50821.0,6189.565681806508,5.0821,,100.0,,
314.0,2.4453443404210993,Screen recording 1,,,,,Screen recording 1,,,,,,,,,,,,,,,,,,,,,314.0,1000313.0,101.22267217021054,1757412894313.0042,2871.0,4073.0530879473304,2160.0,1911.7869557165952,51146.0,6170.401206070744,5.1146,51145.0,6055.494195599359,5.1145,,100.0,,
315.0,2.453156942147684,Screen recording 1,,,,,Screen recording 1,,,,,,,,,,,,,,,,,,,,,315.0,1000314.0,101.22657847107384,1757412894314.0042,2873.0,4064.4969743292686,2471.0,1844.9588917196531,52044.0,6038.551043408153,5.2044,51514.0,6010.204825988173,5.1514,,100.0,,
316.0,2.460969543874269,Screen recording 1,,,,,Screen recording 1,,,,,,,,,,,,,,,,,,,,,316.0,1000315.0,101.23048477193713,1757412894315.0042,2721.0,4008.026681130893,2111.0,1949.6142657290868,51072.0,6436.379760559619,5.1072,50223.0,6173.194675981476,5.0223,,100.0,,
317.0,2.4687821456008545,Screen recording 1,,,,,Screen recording 1,,,,,,,,,,,,,,,,,,,,,317.0,1000316.0,101.23439107280042,1757412894316.0042,2729.0,4062.427473604486,2175.0,1862.945222330573,51127.0,6346.603564190671,5.1127,50940.0,6385.354115875659,5.094,,100.0,,
318.0,2.4765947473274394,Screen recording 1,,,,,Screen recording 1,,,,,,,,,,,,,,,,,,,,,318.0,1000317.0,101.23829737366373,1757412894317.0042,2767.0,4004.121398549147,2685.0,1959.3012754868976,50931.0,6250.207017827955,5.0931,50405.0,6088.7144141763365,5.0405,,100.0,,
319.0,2.4844073490540244,Screen recording 1,,,,,Screen recording 1,,,,,,,,,,,,,,,,,,,,,319.0,1000318.0,101.24220367452702,1757412894318.0042,2860.0,4023.4820694919563,2721.0,1904.4054187437862,51921.0,6295.3472937786855,5.1921,49959.0,6475.448965038214,4.9959,,100.0,,
320.0,2.4922199507806093,Screen recording 1,,,,,Screen recording 1,,,,,,,,,,,,,,,,,,,,,320.0,1000319.0,101.24610997539031,1757412894319.0042,2811.0,4000.8279227404214,2606.0,1838.1571992357326,51313.0,6231.985261290484,5.1313,50601.0,6272.655978996076,5.0601,,100.0,,
321.0,2.5000325525071943,Screen recording 1,,,,,Screen recording 1,,,,,,,,,,,,,,,,,,,,,321.0,1000320.0,101.2500162762536,1757412894320.0042,2804.0,4091.3417094935908,2014.0,1819.725692408732,52709.0,6407.869601180328,5.2709,50075.0,6453.098797226638,5.0075,,100.0,,
322.0,2.507845154233779,Screen recording 1,,,,,Screen recording 1,,,,,,,,,,,,,,,,,,,,,322.0,1000321.0,101.2539225771169,1757412894321.0042,2768.0,4087.55293420016,2633.0,1849.8251818062695,51654.0,6071.8333373681835,5.1654,50208.0,6064.092661185743,5.0208,,100.0,,
323.0,2.515657755960364,Screen recording 1,,,,,Screen recording 1,,,,,,,,,,,,,,,,,,,,,323.0,1000322.0,101.25782887798019,1757412894322.0042,2744.0,4004.078592242077,2630.0,1975.3539509409143,51980.0,6100.646538983505,5.198,50453.0,6354.399108156356,5.0453,,100.0,,
324.0,2.523470357686949,Screen recording 1,,,,,Screen recording 1,,,,,,,,,,,,,,,,,,,,,324.0,1000323.0,101.26173517884348,1757412894323.0042,2788.0,4054.100083962102,2389.0,1932.8021432323494,52115.0,6070.545884687964,5.2115,48768.0,6220.903961791837,4.8768,,100.0,,
325.0,2.531282959413534,Screen recording 1,,,,,Screen recording 1,,,,,,,,,,,,,,,,,,,,,325.0,1000324.0,101.26564147970677,1757412894324.0042,2752.0,4060.6386278308883,2280.0,1845.9093241746202,52934.0,6379.498052566129,5.2934,50571.0,6151.847895313063,5.0571,,100.0,,
326.0,2.5390955611401194,Screen recording 1,,,,,Screen recording 1,,,,,,,,,,,,,,,,,,,,,326.0,1000325.0,101.26954778057006,1757412894325.0042,2724.0,4062.3677378469024,2273.0,1939.3089293530036,52241.0,6153.094717928071,5.2241,51249.0,6340.659860224801,5.1249,,100.0,,
327.0,2.5469081628667043,Screen recording 1,,,,,Screen recording 1,,,,,,,,,,,,,,,,,,,,,327.0,1000326.0,101.27345408143336,1757412894326.0042,2884.0,4057.055464072764,2189.0,1890.7538518463293,52294.0,6350.564470701727,5.2294,49345.0,6310.899330868187,4.9345,,100.0,,


